3.4399,-2.6479,5.5026,0.7619,-1
1.6163,-1.8895,6.0655,4.8093,-1
-2.3802,4.3526,-1.3202,0.1316,-1
6.4471,-5.1498,4.6746,3.0517,-1
5.5772,5.2830,6.7147,5.4230,1
3.3794,-5.8096,5.5877,0.9017,-1
0.0005,6.9765,-7.0346,-2.4201,-1
-1.1631,-0.2703,-2.4455,1.9281,-1
-3.5494,-3.4679,-1.0582,-1.4305,1
3.1274,3.4977,-6.9000,-3.5260,-1
6.8575,-1.6393,1.0813,-0.8347,-1
3.4837,-1.9816,0.3701,5.5742,-1
-0.5570,-2.3665,-0.6086,-2.0599,1
6.2959,6.4810,4.0967,5.2534,1
-1.0249,-1.7472,1.3850,-0.6538,-1
-4.6095,-0.8699,0.3034,-5.2049,-1
-1.1973,-1.4344,-1.1072,-1.9585,1
-7.1716,3.9822,6.9860,-0.7027,-1
-0.7402,-3.5865,-3.2998,-0.9823,1
5.8090,5.1835,3.6133,4.7274,1
-6.8747,5.2595,3.0638,-4.1776,-1
1.0847,3.1182,4.7860,2.3525,1
3.8241,-3.2101,1.8290,0.5583,-1
-2.2041,-4.7679,0.5701,-5.4541,-1
3.1555,-4.5281,0.4831,4.4994,-1
-1.3242,-0.7076,-3.3634,-0.5528,1
2.0958,0.3962,2.9275,4.6945,-1
-5.9925,-3.7140,-4.6750,-3.2677,1
-6.9390,-2.5255,-4.2501,-3.3657,-1
-5.1442,-4.0158,-4.2937,-5.6929,1
-4.8418,-5.2297,-5.8562,-5.7172,1
-4.8781,0.7655,-2.2374,3.9680,-1
-2.2898,0.4218,4.0839,2.3011,-1
-4.8964,2.9111,-0.1153,3.8110,-1
-4.8339,5.1839,-7.0737,-0.8661,-1
6.5351,5.5645,5.5884,5.8474,1
-4.0027,-4.5130,-4.2364,-4.3798,1
-5.5373,-2.7582,-4.9478,-0.8242,-1
6.8326,7.1202,-4.7347,-6.8670,-1
2.6230,-6.9477,-3.6191,3.4917,-1
-0.8301,-1.4208,-2.3255,-2.5404,1
3.1106,-1.3966,-6.4512,3.2100,-1
3.7569,-6.3950,-6.0321,5.0213,-1
4.9083,-2.0742,-5.7460,6.2862,-1
-3.9777,-3.6386,-2.1629,-2.6670,1
4.4923,3.5740,6.3164,5.8457,1
0.1816,3.6615,-1.1341,1.2906,-1
5.4542,3.8684,4.6085,5.3430,1
-1.5212,-3.6219,-3.1687,-1.7418,1
-5.8613,2.0891,3.2924,1.0897,-1
-4.0886,-0.2581,4.3806,-2.7071,-1
-4.7817,1.0221,6.7725,-6.2539,-1
-6.5807,2.7507,0.8087,-0.2875,-1
-2.9477,-3.1649,7.1027,5.7656,-1
-3.1684,0.8866,6.6314,-2.1884,-1
-1.0434,3.1102,-2.7698,-1.2599,-1
-0.2387,-4.7205,3.2199,2.2752,-1
-0.9140,-2.5723,-1.3813,-3.5447,1
2.3726,3.2843,3.9838,2.8351,1
5.9542,6.7961,5.1053,4.2253,1
-5.2929,-3.4532,-5.7897,-5.4184,1
-5.3899,5.8122,6.9278,-2.3592,-1
-5.0334,3.8178,1.7190,2.8361,-1
-0.9269,-5.2265,3.5034,-6.7285,-1
5.3448,5.5333,-4.0556,-1.9715,-1
-2.0277,6.1262,-5.0720,6.9414,-1
3.2467,6.9760,5.5271,6.0371,1
4.6145,4.9085,4.8587,4.4782,1
0.5577,3.9595,5.7075,6.2198,-1
6.1095,4.0143,6.9858,5.0451,1
-4.2547,-1.7136,5.3656,1.4001,-1
-2.0556,-1.7270,-4.2933,-2.2106,1
0.6201,6.1351,-4.1366,5.4205,-1
5.6550,4.6909,6.5206,5.2250,1
1.8144,-2.2329,-3.6545,1.2003,-1
6.4537,6.4070,5.5187,3.5052,1
0.2415,-2.4969,-5.1898,2.1030,-1
-4.1800,2.6660,-6.0572,2.6856,-1
-4.3014,-3.0178,-4.4822,-5.6850,1
5.3869,-6.8450,2.7141,0.0906,-1
3.6210,0.0634,-3.2255,6.7390,-1
3.2220,6.1050,6.9429,6.3359,1
4.0896,2.5726,4.6374,2.1786,1
2.8659,3.4463,4.0445,3.5276,1
-2.7932,-1.1299,1.9795,-0.1295,-1
6.0863,5.9610,6.1530,3.2504,1
-1.3745,-4.0140,-3.1219,-1.5562,1
-3.8142,-5.2667,7.1942,-6.3155,-1
5.0186,6.8092,4.1965,3.5337,1
3.9676,5.5919,6.0530,6.1265,1
-2.4312,-4.4767,3.1140,5.5120,-1
-6.2811,-0.2123,3.3948,2.9703,-1
-5.1371,-2.9637,3.9858,-0.2532,-1
-2.5894,-1.9923,-3.6384,-0.8611,1
-3.5947,0.4631,2.8290,3.0257,-1
4.8566,6.7366,5.0587,3.7303,1
6.9164,5.8824,3.2269,6.9207,1
5.8590,-5.2319,-4.2449,-4.3305,-1
-6.9292,-1.8117,-0.7832,-4.3971,-1
5.3989,-5.4365,7.1826,-5.3669,-1
-0.7460,6.5708,3.9152,-5.2617,-1
4.9487,1.9425,1.0766,5.0118,-1
4.4320,6.1220,4.1170,4.3018,1
-6.8489,-2.2397,6.2193,5.7592,-1
-4.6828,-0.1377,5.8750,0.9211,-1
-0.9742,-2.8246,-2.7380,-1.4565,1
2.8142,1.2268,1.9650,2.5738,-1
3.2961,5.1988,6.2715,5.6191,1
3.1953,3.2936,6.4547,6.2262,1
5.1561,5.5903,5.3769,3.0221,1
5.5501,6.0273,3.7044,3.9874,1
1.4173,1.9450,-7.1168,0.1263,-1
-2.8882,-3.1493,-2.8271,-1.1353,1
-2.6264,-1.2635,-4.0829,-2.4471,1
3.3821,4.7393,4.4374,6.8861,1
3.6233,5.3091,6.2735,5.0884,1
0.4084,5.6990,-6.8464,-0.3609,-1
3.6736,-5.6060,-2.0409,1.6232,-1
5.1892,3.1762,3.1781,5.1068,1
-4.9262,0.2173,-6.7764,6.1941,-1
5.0220,5.6215,4.0762,4.5770,1
-3.6465,-2.7290,-1.4814,-1.8822,1
-0.7351,-4.7364,5.8298,-1.6268,-1
2.1853,2.9902,3.9642,3.4703,1
-3.4157,-3.1522,-2.6328,-3.9476,1
4.2615,4.8561,5.7545,3.2184,1
-1.3867,-2.7759,-2.0616,-1.6711,1
1.6303,0.7335,-3.4433,-3.4256,-1
0.3573,-6.5797,2.5097,-5.2140,-1
-5.1324,5.6480,-3.3316,5.1047,-1
4.0601,5.3006,5.7178,5.9558,1
7.0143,5.1242,-4.3471,5.2877,-1
5.9961,4.8546,3.4745,5.8068,1
2.0365,2.1928,-3.8071,2.6601,-1
4.7195,4.2609,-5.9032,6.8838,-1
6.1114,6.0804,5.6106,5.3529,1
1.7006,-0.7491,-6.1090,4.0328,-1
-4.8670,-5.7962,4.8964,-7.1331,-1
6.7859,5.8016,6.2311,-5.9618,-1
2.1203,3.9681,4.3952,3.8668,1
3.2504,5.0647,5.6631,4.3172,1
4.9965,3.0974,2.6918,2.5620,1
6.4650,6.9531,3.8573,4.6104,1
-6.0072,-2.0352,-1.4934,-2.0562,-1
7.0672,-2.9722,2.6769,0.4382,-1
-5.5044,-3.2793,-4.7913,-4.6421,1
-0.2541,-0.3051,4.5418,2.6707,-1
3.5653,5.7098,4.5141,5.8193,1
-5.9743,-4.0119,-4.3613,-6.8384,1
-5.8786,7.0488,-2.4508,1.8056,-1
0.6645,4.8115,4.4008,4.1938,-1
-2.4953,-2.1631,-4.2186,-3.3715,1
3.1009,3.0902,6.6168,3.2188,1
0.8194,-0.5769,-4.5135,4.9456,-1
6.1630,5.5366,3.5651,5.3009,1
-6.6495,5.8674,-1.9048,-1.7033,-1
6.9553,6.2936,4.4650,3.9682,1
-0.5740,-4.2862,-4.2915,-0.5157,1
-6.1863,-3.1940,-5.9427,2.4882,-1
-2.9452,-4.1523,-3.1437,-5.5262,-1
0.9726,-3.1099,4.0451,1.3278,-1
4.7509,6.7631,3.5580,6.2305,1
4.1162,4.0757,4.4296,3.6141,1
5.8996,5.3501,5.1282,4.7487,1
5.4203,4.8973,4.2886,5.1410,1
3.0125,4.7327,3.9599,4.1903,1
-4.1035,-0.8279,-3.6428,-0.6216,1
-0.0688,3.7396,4.6890,-4.9561,-1
-2.9460,5.1414,1.7975,2.1002,-1
-5.5840,3.5648,4.3476,-0.4337,-1
5.7185,4.5738,4.0185,3.6043,1
5.1424,1.7149,-2.2351,-1.1812,-1
-5.3461,-4.6945,-4.5459,-4.3129,1
1.2495,-1.9604,4.6067,0.0047,-1
-0.2221,-2.2450,-4.5154,-3.9614,-1
4.4875,-5.1304,-4.9780,-2.5412,-1
4.4739,-6.7118,-2.2749,3.9107,-1
4.4518,6.9696,4.1744,3.0409,1
0.7828,3.1153,-1.8534,1.6423,-1
-1.1526,0.8963,-0.9539,7.0709,-1
0.5596,-6.7113,6.7325,4.3644,-1
0.5332,5.1144,5.2495,0.9726,-1
-4.1225,-5.0147,1.6753,6.6435,-1
3.3028,3.0552,4.9851,5.6032,1
3.9693,6.0269,6.1400,5.6728,1
-4.9526,-6.8424,-5.0761,-6.5779,1
5.8769,-6.5212,-6.9974,5.0472,-1
3.1304,3.6259,5.0780,4.0842,1
2.5187,4.6084,-3.5553,3.2662,-1
3.2371,3.2285,3.4844,2.9041,1
4.6862,3.0877,4.5911,4.7069,1
6.2792,-1.4738,-6.2260,4.6799,-1
4.7520,5.1315,4.0698,4.3233,1
-3.2272,-6.5711,6.8075,2.8312,-1
-0.2637,1.9438,0.3238,-3.2566,-1
-6.6701,5.5979,-5.0711,0.6523,-1
-1.4684,-1.9951,-1.9591,-2.6221,1
-2.3726,-0.6483,-1.9933,-2.6949,1
-0.9389,3.1953,5.9691,-0.8396,-1
-3.5876,-4.4124,1.6390,2.0812,-1
-5.7097,-6.8711,-5.7767,-3.8105,1
-2.9378,-5.4936,-6.4389,-5.6337,-1
1.2973,3.8690,1.8964,3.4397,1
-3.8446,3.7340,0.6341,-1.1185,-1
-0.6003,-2.4255,-0.6662,-3.4052,1
4.1862,5.1271,2.9771,-6.9860,-1
-1.2019,-2.9961,-2.8224,-4.3789,1
-0.6486,3.1265,6.2130,2.2107,-1
-0.5195,-1.2458,-4.1174,-1.8594,1
-3.3751,-0.9402,-0.7273,-2.7453,1
-6.0959,-2.4287,-5.5505,2.9766,-1
3.7764,-3.3774,1.6160,6.6604,-1
-5.6432,-6.2418,-4.8028,-4.1644,1
-4.4712,-2.4849,5.9997,-6.5318,-1
-3.7612,-2.5944,-3.1278,-3.0167,1
6.2843,-1.3452,5.6919,-1.2890,-1
0.9708,-0.0405,1.4011,1.0246,-1
-6.2840,6.1127,-6.7318,4.4987,-1
-1.1533,-0.6759,-4.1843,-1.0257,1
3.0702,2.2117,1.5873,2.5945,1
-2.4719,-4.2364,-1.9834,-0.8600,1
-0.2456,-3.3342,6.5523,5.1449,-1
-5.7763,-4.8853,2.0469,-0.9644,-1
3.0823,3.7857,6.7657,4.7385,1
6.4537,6.9904,3.0902,4.4911,1
3.4649,-2.8609,0.0738,5.2713,-1
5.5555,-5.3454,-3.5886,4.6617,-1
-4.6089,3.2141,2.1395,-5.2182,-1
2.6319,1.2822,-0.2192,-6.9956,-1
4.3614,5.2095,4.8713,4.1894,1
-4.1172,-3.8973,-0.6355,-0.5684,1
5.9418,0.2373,4.1959,-5.7737,-1
-4.7811,-3.7601,-4.5620,-1.2738,-1
3.7832,0.7517,6.1156,-0.2633,-1
4.7393,-4.7825,0.8231,3.2509,-1
-3.9791,-2.1182,-1.6407,-3.3694,1
3.9945,3.5512,3.1809,3.0287,1
-6.2126,-4.0392,-6.6061,0.1955,-1
-4.3134,-0.5860,-1.6896,-3.1116,1
-3.1673,-6.9274,2.5276,1.9603,-1
3.4163,4.1507,4.2458,5.0161,1
4.8570,2.3213,-3.6475,-2.8594,-1
6.6582,5.4813,5.7160,6.1276,1
4.7591,4.3165,6.7334,5.2155,1
1.4661,1.6433,5.0860,7.1933,-1
3.4182,-6.9511,6.8666,3.4800,-1
-4.6887,-5.1858,-4.7630,-3.9350,1
0.2540,-1.9859,-5.3030,-1.0904,-1
4.2415,3.0303,3.8047,6.2067,1
6.7056,5.5697,6.9691,5.1244,1
4.6293,5.5288,3.4142,3.2805,1
-1.5254,6.3791,-1.8663,-3.1365,-1
-1.0047,-0.9757,-2.8048,-3.9930,1
-6.8379,5.2628,0.6014,3.9306,-1
4.9778,3.8854,5.3571,5.7687,1
3.5964,3.4038,6.8682,6.0974,1
4.6698,5.2616,-4.0246,4.4316,-1
-4.9552,-5.0693,-5.8981,-4.1730,1
-2.4240,-1.5485,-0.6769,-0.6474,1
1.9119,1.1666,-5.7200,-3.4750,-1
2.1006,2.3529,3.1543,2.8347,1
-1.5220,2.1742,-3.1046,-3.4677,-1
4.5371,3.5499,4.1070,5.3079,1
6.1387,4.4474,5.1940,6.5621,1
-3.7719,-2.0922,-1.8212,4.8310,-1
-3.2676,3.3949,3.6924,-2.4230,-1
-2.4271,-2.6344,-3.3143,-2.3158,1
-4.6611,-6.9670,-5.2134,-6.1812,1
-2.7466,-5.0557,1.2568,0.3127,-1
-4.8538,1.7523,1.8079,0.2105,-1
-4.0744,6.4479,0.6000,4.8805,-1
0.2886,2.7244,1.2889,-3.4464,-1
-0.8054,-5.5567,5.5256,0.3941,-1
-6.3947,2.6666,-4.6386,-4.5517,-1
-6.2717,4.6139,4.0307,-5.4449,-1
3.5623,3.3342,4.2218,2.7547,1
3.5156,4.5143,4.9112,3.9782,1
-2.5742,-4.2748,-1.2322,-1.7676,1
4.2864,6.1345,6.0331,6.8269,1
-3.3206,-4.0656,-4.2040,-0.9036,1
-4.6548,-4.3915,-5.8647,-5.6701,1
-4.9733,3.9357,0.5596,-0.0899,-1
3.5548,2.4737,2.5501,2.4241,1
-3.5913,-2.5980,-3.3448,-2.7736,1
5.2262,-3.1486,-5.7272,5.4398,-1
1.7050,-1.3298,-0.0241,-7.0451,-1
1.9827,2.0840,4.0897,2.3530,1
6.1848,-5.7649,-3.6996,-1.2187,-1
2.1221,-3.8331,-3.9422,-1.9078,-1
6.9613,6.8833,4.6942,5.9670,1
4.4147,6.0732,6.1025,3.8660,1
6.7381,-2.4541,-3.6683,5.0681,-1
4.7158,6.4286,6.0546,5.1908,1
4.8957,3.7098,3.8651,2.2820,1
-1.4555,-5.3567,6.6842,6.2076,-1
2.8663,3.0535,3.7876,3.9210,1
5.2565,-3.2748,-5.8922,0.3349,-1
4.2927,3.3451,1.2675,2.2355,1
-6.4133,0.1390,-6.1189,-1.7107,-1
5.8885,-6.7128,-2.3784,4.6766,-1
-7.1374,-4.0081,-1.2274,5.5737,-1
-3.3202,-2.0289,-3.6853,-2.7413,1
1.6167,-5.1174,6.7507,-2.1605,-1
-1.3849,-2.1404,-2.7818,-3.1187,1
3.5336,5.7672,6.2461,5.1824,1
-4.2448,-4.4079,-1.1860,-0.8709,1
3.2577,6.4655,3.8996,6.3988,1
-1.2204,-2.4555,-1.8210,-2.0868,1
5.8356,1.0516,2.1579,-1.2360,-1
3.4226,6.7811,4.9214,4.7657,1
2.6660,3.5217,5.9361,6.3084,-1
5.2455,3.2224,5.4442,3.8970,1
4.3744,5.8401,4.0430,4.2938,1
-4.0713,-2.0485,-4.1692,-1.4612,1
4.2926,3.9351,4.6679,5.7554,1
-4.1494,-6.6057,-4.9659,-3.6273,1
6.0599,-2.0728,3.6550,5.7539,-1
-4.9102,-3.5178,-4.0113,-4.5922,1
-2.5037,-0.8024,-2.6418,-3.8363,1
-3.3461,-6.8450,-1.0433,6.6354,-1
4.1466,-1.0030,-6.8450,3.4421,-1
-1.1814,-4.0658,-4.1979,-1.1008,1
6.8368,2.8281,-4.5615,-1.7791,-1
6.0053,5.4736,4.8081,5.3885,1
0.0461,3.6798,4.1515,1.9794,-1
-0.6210,3.3121,-1.0441,-3.1331,-1
-0.5697,-2.3444,-2.3090,-2.2209,1
-4.1858,-3.5425,-2.2615,-2.8327,1
-4.8208,2.3791,-5.1065,-5.2074,-1
5.0397,-0.5899,7.1858,-2.2098,-1
-5.9015,-3.7277,-4.3757,-5.9654,1
-0.3785,5.3091,5.6194,-2.5453,-1
4.0026,5.2406,5.3575,5.1350,1
-1.9980,5.7074,5.2445,2.1563,-1
5.6516,4.4521,-2.8465,3.0365,-1
-0.7517,-1.7368,-1.7623,-3.4477,1
-0.6958,-2.4036,-1.0564,-1.2344,1
-4.7946,4.5213,4.5470,3.9378,-1
-4.9423,6.9000,7.1995,4.9849,-1
5.0350,5.4092,-1.5473,-2.9692,-1
-4.3160,-4.6552,-4.0699,-4.3797,1
-1.2544,-3.8665,-4.3761,-1.8838,1
-2.9081,-3.4776,-3.2386,-1.5697,1
-3.4829,-0.9597,-3.4146,-2.4563,1
-4.1876,-2.6966,-2.3935,-1.0796,1
2.4799,-3.6283,-6.0976,2.6086,-1
1.7096,3.3663,-6.0023,-2.2484,-1
3.7096,5.4048,-0.7618,-1.4987,-1
3.4571,4.3019,4.9016,-1.2521,-1
5.6165,-0.5718,5.5644,-5.6989,-1
-2.8005,-4.1204,-3.5174,-1.5908,1
5.4445,-2.4567,-7.0713,5.1336,-1
-1.1491,-3.9365,-2.4612,-1.6975,1
-4.4584,-3.3096,-5.7444,-4.4571,1
4.3295,5.9615,5.5546,6.7743,1
0.0585,7.1103,-5.7872,5.4867,-1
1.8810,2.0641,4.1263,3.5444,1
5.1068,5.1126,5.3048,5.4690,1
3.6263,6.6632,3.3289,5.8702,1
6.5868,5.5311,6.9019,3.7593,1
-1.4887,-2.1388,-3.6653,-3.2641,1
-6.9978,1.2760,-1.8976,0.2328,-1
4.1539,1.0401,6.5271,-1.4271,-1
-1.7259,-3.4803,-2.2586,-3.5778,1
-4.1726,-3.6060,0.4967,6.5069,-1
-1.0012,-1.4221,-2.8269,-4.0490,1
-5.7866,-4.0858,-4.0469,-3.1002,1
-0.7452,0.7915,-2.9277,1.6818,-1
-2.1979,-2.6598,-0.7927,-1.6523,1
5.5912,6.2917,4.6859,5.6007,1
-3.8824,-1.3816,-1.2515,-2.0229,1
5.2250,4.2557,4.5582,5.1544,1
0.0004,-6.8850,-2.9840,-3.6432,-1
-3.8491,-2.5849,-4.4584,-2.5948,1
4.2329,3.0085,3.4449,0.7702,-1
-6.6285,-2.3822,7.1456,1.8546,-1
7.1915,1.3864,7.0555,-5.9211,-1
6.4681,6.9535,6.3574,5.4455,1
4.5324,3.0972,3.6715,6.0577,1
-3.8396,-3.9823,-0.7547,-3.0781,1
4.0783,0.3992,4.2560,-2.9028,-1
-1.9322,-2.7820,-0.5067,-3.0727,1
-1.2009,4.2674,4.8349,6.3352,-1
-2.8145,-1.3347,-3.9234,-1.9686,1
4.9514,3.9305,5.9086,4.0142,1
-4.9886,-5.1854,5.7360,-0.1981,-1
3.4505,3.4105,-0.9511,1.7042,-1
-3.7511,2.1914,-2.5740,-1.1260,-1
-4.1065,-2.7341,-4.1690,-1.9702,1
4.9559,4.4940,4.7982,6.3312,1
6.6622,6.3799,5.4197,4.6163,1
-5.3322,-6.8265,-4.9692,-5.2060,1
5.9779,4.4609,-6.0089,-5.7386,-1
-0.5621,-0.0079,-0.4295,-6.3830,-1
5.4626,-3.7483,-6.2749,6.3150,-1
-1.9157,-1.4306,2.7472,0.9501,-1
5.2600,4.4822,6.5798,3.4772,1
-3.7235,-0.5244,-1.5766,4.5684,-1
5.3000,5.1012,5.8141,5.7030,1
-6.8265,0.0104,-1.7263,-0.4396,-1
-2.8241,-3.1568,-1.1095,-1.5907,1
-0.6060,-4.2846,-4.3965,-1.4423,1
-3.1780,-5.7709,-6.7932,2.4243,-1
-1.8574,-0.8823,-4.1070,-0.8232,1
0.3760,-2.7702,-6.0570,4.6098,-1
-4.0654,-5.5742,-4.5331,-5.0386,1
-4.4513,-3.9161,-4.8714,-5.2408,1
4.5031,6.5158,6.7244,5.1123,1
2.8500,2.5253,3.3791,2.1885,1
-5.5305,-6.9766,-5.0648,-6.6626,1
-0.6851,-3.0360,3.6424,-0.9715,-1
-0.5342,3.4856,0.9606,3.4542,-1
-4.4455,-0.3284,2.5887,3.6972,-1
-2.9575,-3.5811,-4.1886,-2.2884,1
-4.1937,-0.3662,-2.8806,3.3914,-1
4.4574,6.6203,6.6882,4.7707,1
3.9489,3.3231,2.9467,3.8960,1
2.4960,3.4439,3.5779,3.8200,1
6.4235,3.4255,4.3446,6.2543,1
3.3407,6.0753,3.6301,6.0428,1
6.9359,-4.3023,-1.4010,4.4785,-1
-3.0072,-3.0633,-1.8157,-2.8977,1
5.5310,5.6451,4.5468,5.6879,1
4.2263,6.8586,5.2358,3.4122,1
-4.9840,4.0011,2.7471,-6.7063,-1
3.1082,-3.7271,3.6585,6.5183,-1
3.9866,5.1990,5.5162,4.0594,1
-5.1074,-5.5409,-1.0407,-6.4973,-1
1.4700,6.6407,-6.7588,4.9193,-1
2.4114,3.1285,-3.6798,5.0383,-1
-2.5442,2.9434,-3.7756,3.3485,-1
3.6862,6.1961,6.4851,3.0702,1
-1.1244,-2.4575,-1.1657,-3.9951,1
-1.1837,-0.8322,-2.0324,-4.0669,1
3.1961,6.3034,6.2217,3.6840,1
3.9337,2.3195,1.9585,2.9042,1
-1.8598,-2.5399,-4.4117,-3.5848,1
-0.1528,-3.8396,5.1724,-5.3932,-1
2.5172,-0.1361,-3.3192,2.2600,-1
-0.7623,-5.2827,2.5528,-4.4152,-1
4.6319,-0.2758,1.7429,4.5190,-1
1.1323,2.9013,1.2489,3.3613,1
3.3087,2.9878,4.5940,2.3151,1
-3.9736,-2.2918,-0.5932,-3.6703,1
1.7896,6.2877,-6.6399,-0.3925,-1
4.5439,-2.1457,6.9789,3.3156,-1
3.5458,6.4833,5.0949,4.3764,1
-5.7389,-6.9366,-5.0827,-3.2041,1
-3.8214,-2.5345,-1.8772,-3.2092,1
-1.2102,-1.9204,-1.7400,-3.2112,1
4.6744,2.7062,4.0052,3.5577,1
3.5895,3.9663,6.2546,7.0502,-1
0.5693,-0.4269,2.0376,-1.5501,-1
-3.7274,7.1566,-3.5724,2.8563,-1
-1.4131,-1.6349,-3.1091,-3.2101,1
-5.3704,-6.4940,-5.5838,-6.9651,1
-1.0781,3.1529,-0.3844,-2.2245,-1
-3.2984,1.6200,-3.1158,6.3403,-1
-0.7962,-4.0790,-3.6465,-1.4273,1
-2.7000,-7.0378,-1.7756,6.7263,-1
4.3825,3.0194,1.0925,3.5675,1
4.3765,-2.2328,7.0924,-6.6433,-1
-3.4817,-3.8196,-3.3846,-4.1921,1
3.8220,6.7077,0.1462,-2.6566,-1
0.8537,1.3522,3.0136,-2.1323,-1
-0.2541,-0.9384,6.3432,-1.9866,-1
3.7457,2.7021,2.2738,3.5076,1
6.5236,5.1259,-1.2490,2.1306,-1
-5.1102,-6.5070,6.6949,-2.1908,-1
-3.2139,-1.9381,-2.8038,-3.3120,1
-2.2182,-2.2017,-1.2248,-2.3026,1
4.5177,6.4828,4.5822,1.1712,-1
3.8522,-5.9265,-2.0581,-3.9177,-1
4.1190,3.0540,1.1853,3.6336,1
-1.8153,-4.4917,-2.6932,-1.0741,1
-7.0664,-4.2799,-0.5835,1.1044,-1
5.9506,5.5116,5.6062,5.0646,1
-2.2532,-1.9741,-0.8963,-3.4306,1
-4.6880,-4.1556,-5.3762,-3.6894,1
4.9043,3.6004,6.1177,6.4570,1
-5.7631,-4.2531,-5.5965,-5.3107,1
-0.4311,2.1052,5.2018,4.7006,-1
6.3753,6.0378,4.5082,5.8899,1
4.1392,2.2131,4.0422,2.4260,1
-4.4381,-2.2841,-4.1955,-2.3543,1
6.8572,6.5193,3.7017,3.3833,1
5.8164,1.8158,5.6749,-2.3815,-1
5.4075,5.8032,6.9654,6.2754,1
-2.9712,-5.3732,-6.7727,3.5304,-1
1.3500,-0.2196,3.2674,4.4455,-1
-5.2514,0.3488,5.7015,1.9143,-1
-1.4194,-3.7395,-1.5251,-1.6070,1
-1.9425,-3.9035,-1.1914,2.4973,-1
5.8869,6.6876,3.2494,5.6090,1
1.5125,3.5867,1.4254,3.2644,1
5.0355,-5.7395,4.4111,4.2449,-1
2.7974,3.1511,1.3340,2.0683,1
6.4617,1.9805,5.0905,-5.7703,-1
6.1683,-1.3297,2.4466,-6.8698,-1
3.8590,3.5657,2.9702,3.9410,1
-4.4370,-3.7097,-1.5751,-0.7886,1
4.2572,5.3616,6.1995,3.4009,1
6.3441,5.3520,5.4164,3.5166,1
5.2696,4.4746,0.9271,-6.2415,-1
-6.4635,-3.6468,-1.0615,-2.5572,-1
-6.6818,-2.7093,-2.4641,2.3620,-1
-4.1686,-2.8261,-0.7983,-0.5474,1
0.0818,-0.8607,-1.1778,0.9795,-1
3.6619,1.6090,1.5514,-4.6269,-1
-2.3931,-0.0179,-6.1131,6.5565,-1
0.2902,-6.8165,6.9332,-3.7470,-1
1.5512,1.6740,-6.5874,7.1580,-1
1.8041,0.6994,0.8929,5.9295,-1
-2.4526,-3.2385,-1.6853,-1.4828,1
3.2245,4.0466,-5.5505,0.2832,-1
5.6351,4.1445,4.8521,4.6805,1
4.8819,6.9145,5.0497,5.4916,1
4.3979,3.6046,3.8926,6.5235,1
-3.7219,-2.2000,-3.0441,-0.6266,1
3.2869,2.9556,4.0146,2.5454,1
3.6793,-5.4161,-6.7015,2.1565,-1
-0.7676,-4.2551,-4.0236,-1.5772,1
6.7530,3.4358,6.5669,3.6652,1
4.5437,4.0214,4.1954,6.8414,1
-6.1681,3.1132,-6.3089,-6.8724,-1
-4.0574,-5.7478,-5.1878,-3.9949,1
4.1882,3.2010,4.0827,3.1517,1
6.8794,-3.5497,-6.3513,7.0786,-1
-3.6291,-3.7510,-1.7879,-3.4300,1
-0.8084,-1.7411,-6.0653,1.5235,-1
4.3345,4.3810,3.9122,6.1957,1
6.7011,-1.5918,0.6666,0.6528,-1
-3.0248,-1.2941,-3.4910,-2.5269,1
6.0543,0.1256,-3.5533,-6.0433,-1
-4.2815,-1.4959,-2.4489,-1.1797,1
3.5615,4.3596,4.5293,6.4799,1
2.8194,-5.4488,-6.5970,-1.2665,-1
7.0562,-4.3164,-3.8960,6.7196,-1
3.1580,1.9516,3.2145,5.1299,-1
6.9673,-4.2882,5.2314,-0.2742,-1
-5.2303,-2.3776,1.9367,-2.9245,-1
-6.7408,6.0391,-5.1486,-6.2183,-1
-2.9911,-1.2956,-3.2655,-1.2730,1
4.9371,6.9709,6.0075,6.4466,1
-1.9634,-2.0775,-4.9296,-3.0935,-1
4.8081,3.5790,3.1568,3.1055,1
2.7980,3.8927,-1.7068,7.0467,-1
4.3933,2.7857,2.2118,3.1684,1
5.2276,3.2476,5.4811,3.6882,1
-1.0751,4.6153,5.9725,-0.1190,-1
3.3188,0.3449,-1.7705,-6.0934,-1
3.9761,3.0007,4.6475,-5.7782,-1
6.2451,6.8821,5.6433,3.6535,1
5.8975,6.6569,4.6194,3.8469,1
-2.8856,-3.5054,-3.1824,-3.9395,1
4.2567,4.7670,6.0219,5.7705,1
0.8421,-5.2178,6.1157,-5.6671,-1
-1.1033,-3.7508,-3.4155,-2.0924,1
-1.5621,-3.6846,-2.3744,-2.7602,1
-6.5096,1.8602,3.9287,-1.1699,-1
5.2416,-4.5987,-3.3164,1.0208,-1
5.7047,6.5667,4.4101,5.5468,1
-0.6772,-6.6368,6.5485,-6.7556,-1
-2.6891,-5.5091,-1.4511,0.1416,-1
-3.9153,-2.4371,-2.2931,-3.4902,1
5.6313,5.9859,-0.9861,-4.6245,-1
-1.1962,-1.2827,-1.5538,-3.7746,1
3.7105,3.3912,7.0283,-0.0186,-1
-6.7640,-4.4805,0.9765,-4.6245,-1
6.2390,4.0457,4.9950,6.4569,1
-0.5081,-3.8399,-3.2904,-1.6647,1
2.8344,-3.0394,4.8226,-3.2452,-1
-6.9470,2.2241,2.5613,-3.8952,-1
-1.6837,-3.5532,-4.2902,-0.9916,1
-2.1091,-1.1290,-1.6046,-3.6509,1
-3.7457,-3.7566,-3.9787,-1.6735,1
-2.3356,3.3752,-2.3155,4.9569,-1
-3.0858,-1.3315,-3.1632,-0.5329,1
5.2799,-1.7020,5.9876,-2.4883,-1
-2.6138,-0.6086,-0.8585,-0.5428,1
-3.3620,-2.6255,6.4175,3.8329,-1
3.2023,4.9234,4.5171,5.8926,1
-0.9034,-0.6719,-4.4969,-3.7418,1
3.9126,5.4984,3.5177,5.1353,1
6.6089,-4.3262,-3.3825,-0.1164,-1
-5.9212,4.9602,-2.8909,-0.7788,-1
6.3607,5.8664,3.2203,5.8795,1
-2.6852,-1.6331,-4.3812,-1.8230,1
0.5325,-0.4075,4.2421,0.8605,-1
3.0722,1.7651,-0.9264,-5.3506,-1
1.8574,5.7960,5.6600,-4.9043,-1
-2.1638,-1.2413,-3.8153,-2.6003,1
-2.7062,-2.6793,-1.4893,-4.4349,1
6.8458,4.4460,6.7371,3.5336,1
2.6185,1.3302,-0.3060,2.4129,-1
-3.3226,5.6532,5.1805,5.0811,-1
-1.3598,1.0643,-0.0027,-4.3689,-1
-5.0135,6.2296,-5.1786,-1.9563,-1
-5.3871,-6.3047,-5.4197,-5.2737,1
5.3927,-6.0859,-2.2923,0.8368,-1
0.2996,5.7290,-3.9646,1.8034,-1
-1.1680,-0.8493,-0.5581,-1.1828,1
3.9536,6.6131,0.4018,-4.7682,-1
-4.8547,-4.7269,4.7824,-4.8580,-1
4.5133,5.2697,3.1189,6.7377,1
-1.8052,-3.7525,-1.0604,-3.3849,1
2.6551,-2.4206,6.9359,-5.4963,-1
6.7013,1.8004,2.9967,-3.8654,-1
-4.2863,1.7853,2.0025,6.3962,-1
-4.2844,-5.2010,-2.4931,7.0709,-1
1.0311,2.5628,1.0398,2.9536,1
3.2108,-7.0377,4.4321,-1.7248,-1
-4.1266,-3.1557,-4.6778,-4.1306,1
-1.7275,7.0239,-4.3712,-3.2496,-1
5.4608,5.9562,4.1226,6.2086,1
4.5904,3.6922,6.4404,6.4488,1
-1.6919,-0.5592,1.2148,6.1725,-1
4.5854,6.1032,6.7426,6.0595,1
3.4327,4.2085,4.3859,4.6180,1
-6.9687,1.5633,-6.4838,4.2438,-1
-5.7210,-3.2404,3.0470,-2.1373,-1
3.8975,3.6422,5.6816,5.4951,1
6.0863,6.1633,5.8821,3.5496,1
1.8444,3.4920,1.6613,5.8921,-1
-2.0242,-2.3159,-2.5228,-3.4042,1
6.5259,3.9036,4.9135,5.4495,1
-3.7405,-3.1617,-2.8229,-2.0285,1
-3.9732,-2.8027,-2.5890,-4.0179,1
-2.9082,-1.8830,-1.3392,-3.7844,1
-4.2987,-2.7120,-0.6323,-3.0912,1
-2.4614,-1.5888,-0.5213,-0.9394,1
-2.3788,-3.8839,-2.9178,-4.0879,1
4.5196,4.8406,4.9375,6.9747,1
1.6245,-5.2441,-1.5223,-0.1701,-1
-2.6471,1.9584,-0.1449,-0.9770,-1
-3.1125,-2.9896,-0.5158,-2.3525,1
-1.8837,1.5245,7.1053,-2.5357,-1
3.5119,-6.6959,2.7635,3.9473,-1
-4.3854,-2.1233,-2.8595,-0.7491,1
-5.5907,3.9995,-0.4120,-2.0533,-1
3.8651,3.6138,6.9230,4.1524,1
3.2073,2.2011,-1.7461,-0.0154,-1
4.8337,-3.9668,-1.9772,-6.9306,-1
-4.3118,-0.7543,-3.8773,-3.6375,1
2.8444,-4.3347,-3.4469,1.1030,-1
5.8964,3.6921,5.8603,-5.0878,-1
-4.8553,6.6745,1.4679,6.9189,-1
3.9980,6.9188,5.3122,6.4222,1
6.4004,-2.7998,5.3377,6.4656,-1
-3.9808,-2.6924,-1.3520,-3.8718,1
-1.9222,-4.3324,6.9462,-1.9299,-1
-6.8013,-3.4815,1.1231,-0.2403,-1
-1.6249,-1.8069,-4.2828,-2.2064,1
3.0639,-1.2781,0.1502,6.5577,-1
4.3960,3.6188,-0.2197,-4.1053,-1
-2.5376,-2.2566,-1.5346,-1.3161,1
6.1490,5.8790,-2.5948,-4.6957,-1
6.4749,5.0062,5.0622,4.1585,1
-4.5427,-6.5520,-4.8892,-5.4328,1
-1.6317,0.7240,3.5111,5.7439,-1
4.1701,4.0665,5.7587,5.7246,1
2.3645,5.3898,-6.8901,4.3950,-1
-5.2453,3.7870,-5.7092,-1.9610,-1
-2.6323,-4.3065,-1.1015,-4.4784,1
0.5060,-1.7525,-2.0158,5.4526,-1
-0.5663,-4.2089,3.1648,-0.9963,-1
-1.5289,4.4187,-3.6731,-5.8888,-1
3.2372,0.1659,-1.8947,-0.9439,-1
-2.5901,-2.3777,-1.6487,-0.7401,1
-4.7899,-4.1307,-4.4431,-3.4665,1
-3.1382,-2.1156,-2.0324,-2.6162,1
-4.1761,-3.8053,-1.6185,-4.4400,1
2.7127,6.1010,0.9121,2.6297,-1
2.8705,-4.9433,4.6470,1.9375,-1
3.3746,6.0590,-3.1871,0.1423,-1
-5.3663,-3.2111,-6.5998,2.0225,-1
4.3909,6.7541,6.6986,4.2361,1
2.2951,3.2840,6.9983,-0.9391,-1
-3.8167,2.1696,-7.1169,-4.2108,-1
-4.3030,-2.1395,6.4048,-5.2664,-1
1.1011,0.8778,-5.9703,-4.1314,-1
-5.6220,-4.1468,-5.6166,-5.2078,1
-3.3158,-3.9391,-1.6612,-3.8134,1
-1.8947,-3.3832,-3.4545,-1.2113,1
6.4003,1.9368,-7.1152,3.9218,-1
2.9709,-0.3579,-1.8858,-1.0327,-1
2.4202,-2.8398,6.6369,-4.3277,-1
6.5304,6.4757,5.1911,5.2219,1
-4.6287,5.5974,3.2912,-0.5926,-1
-0.7170,1.9569,4.4225,-0.9840,-1
-2.5349,0.6979,2.4240,6.2906,-1
3.1212,3.8409,5.9042,5.4677,1
6.9533,1.9010,5.3835,-0.0856,-1
-5.3744,-5.2530,-4.3455,-3.1877,1
-2.6557,-2.1029,-3.1722,-2.3721,1
2.2781,1.6428,0.6075,-6.2283,-1
3.6561,6.4509,5.7161,6.4329,1
-5.5423,-0.2858,-5.9389,-2.7430,-1
6.7196,5.9184,5.9002,4.5182,1
-0.7855,-1.3900,-1.0834,-1.2286,1
-3.8811,4.5940,3.7146,6.5392,-1
4.0013,2.7450,1.2554,3.7910,1
-4.3641,0.2838,5.6943,-1.2155,-1
-4.2092,-2.4723,-4.8653,-7.1064,-1
-7.1506,0.9268,-5.5433,-5.6303,-1
5.7843,0.0117,-2.1400,-4.6617,-1
-1.1487,-1.2125,2.6924,5.3479,-1
-5.6034,-3.2765,-4.2797,-5.9724,1
5.7497,3.7697,5.4589,5.8657,1
5.4575,5.3148,-1.0789,-1.0159,-1
-1.9934,-3.8536,3.9823,-6.6253,-1
-0.6531,-1.1284,-2.7913,-1.4390,1
-5.2321,-0.0024,-5.1136,4.4894,-1
-7.1284,-5.3462,3.9602,1.6750,-1
-1.9886,-1.2598,-3.8034,-0.3033,-1
-3.9442,-1.1557,-0.8414,-3.9718,1
3.3114,3.0973,6.1749,6.4221,1
2.7483,2.5576,3.2136,3.9535,1
-4.0412,6.4287,-1.2113,-1.8391,-1
-1.5362,-2.2943,-4.0662,-1.4386,1
-1.3155,6.1592,6.5575,4.8924,-1
6.2539,0.5676,6.3255,6.5380,-1
-4.8442,-3.8435,-5.5633,-3.3781,1
-2.1696,-0.9547,-3.4500,-0.8630,1
3.9317,3.6592,4.4301,3.4930,1
4.4003,4.3512,6.2152,5.9272,1
-1.9967,-1.8596,-4.2989,-1.4795,1
6.0512,3.8381,6.4104,3.0987,1
-2.6998,4.4817,0.1137,3.6555,-1
6.6477,-1.4611,3.6939,-1.8108,-1
4.3451,4.7204,1.8817,-5.7613,-1
5.9781,6.8746,3.8854,6.9961,1
-6.0839,-3.9738,-1.6425,6.8599,-1
1.7501,3.9164,3.1053,-1.1385,-1
0.5831,-5.4277,5.3468,0.9443,-1
-1.5876,-0.7434,-4.2393,6.2525,-1
-2.7194,-3.0631,-0.6909,-1.9500,1
6.3247,-1.6337,-5.3499,2.2655,-1
-3.3189,-1.0301,5.9047,1.4668,-1
-6.3928,2.5241,6.2280,6.4704,-1
-0.5331,-3.6394,-2.3167,-1.8661,1
-0.7893,5.7450,7.0711,-3.8552,-1
-2.2672,-1.3636,-0.4935,-5.0531,-1
-6.8318,5.0583,-4.3621,0.1940,-1
1.8693,-0.2421,-6.6931,2.0460,-1
1.8422,-7.1404,3.5653,-7.1068,-1
-5.0467,-5.7426,-4.0281,-6.9333,1
-1.1705,2.2943,2.7488,1.4571,-1
-5.2833,-6.3394,-4.0188,-4.7123,1
-5.3266,-3.6506,-4.4697,-4.7524,1
5.2289,5.6580,6.4391,3.8928,1
-4.4406,5.7631,-1.9079,-6.4435,-1
4.9165,3.2175,3.6582,5.4087,1
5.0274,5.3653,4.2671,5.8713,1
4.9490,4.7453,5.3376,6.5334,1
-4.1230,-5.3953,-5.2125,-5.0669,1
-3.3840,-0.7491,-4.9162,6.2985,-1
-0.5672,-4.0202,-3.1447,-0.8258,1
4.0767,-5.0433,3.6303,6.8044,-1
4.7006,6.3419,4.1801,5.6404,1
5.9055,3.0884,4.2988,6.3367,1
1.7039,-4.4542,0.9818,-1.8623,-1
-3.9248,-0.7777,-1.9110,-3.0543,1
2.7315,3.5904,3.8806,2.0700,1
5.3532,3.2988,6.6997,5.1367,1
6.8869,2.2429,-1.8132,7.0292,-1
-4.5429,-3.6101,0.4520,-6.5887,-1
-4.3677,-3.6133,-5.1733,-6.8896,1
2.0055,1.6216,-0.5766,6.3583,-1
4.9768,3.9067,5.0958,6.2858,1
4.2893,4.6140,-3.3912,2.7705,-1
-5.1074,3.8206,5.2541,2.4902,-1
-0.6188,-2.0857,-2.7822,-1.7179,1
6.3949,3.8163,-0.1105,4.4184,-1
0.8793,3.4219,0.4073,6.9671,-1
4.7848,-5.5317,2.4646,6.2079,-1
-2.5162,-3.1488,1.0431,6.6429,-1
3.9810,3.0985,5.2925,5.7284,1
-3.7805,-0.6191,-1.6832,-3.8041,1
-1.5581,-4.2777,-4.3157,-1.9833,1
4.6538,6.5387,5.4293,5.3471,1
1.7236,3.2640,4.3316,2.0401,1
4.7091,-5.5011,-3.5474,6.5621,-1
-3.0111,-1.6521,-6.8000,-0.1716,-1
-6.5848,5.0130,-0.1154,-4.9222,-1
3.1830,0.0302,2.3541,5.7987,-1
4.5372,6.4025,5.5699,5.0288,1
-3.1490,-2.5422,0.4025,-1.6087,-1
-3.2921,-1.5768,-5.9140,0.9088,-1
3.0625,1.9988,-0.5819,-2.6004,-1
0.4097,3.9664,-5.9280,-3.4827,-1
4.6489,5.0435,5.2112,3.0398,1
-4.3246,-2.4028,5.1209,-3.7995,-1
4.5854,4.9861,5.5107,4.0347,1
5.8806,3.0942,6.1004,6.0523,1
6.5736,5.4329,-4.8437,-1.2731,-1
1.9058,-6.4851,4.1686,1.1592,-1
-4.2344,-4.0815,-1.2815,-2.9451,1
0.9552,-5.2976,-1.0125,1.8869,-1
4.2524,6.5129,3.4018,3.9781,1
7.0821,3.9105,1.4349,-4.2840,-1
-3.9575,1.2704,-2.1746,-2.7669,-1
6.8752,5.2249,3.4546,5.7944,1
2.9597,2.2323,3.5451,2.6114,1
-2.6702,-1.1716,-3.7194,-3.2316,1
3.0538,5.8406,3.1426,4.1959,1
2.7392,6.0451,0.9607,2.5196,-1
-4.8575,-6.8570,-4.4014,-4.3697,1
-0.3272,-2.6096,-0.9104,-5.8432,-1
4.3030,7.0004,-2.5438,1.0808,-1
-2.9380,-1.9228,-1.5328,-2.2281,1
0.6073,6.7471,3.9238,7.0830,-1
3.6759,-4.2663,-3.6906,2.2747,-1
5.0979,5.8896,5.6639,6.3210,1
4.2792,5.9659,5.3782,5.4250,1
-3.2713,-4.4856,-2.6433,-1.5174,1
-3.6759,-5.0903,-6.9152,-2.8320,-1
3.3373,4.8137,6.5257,4.9950,1
5.9433,3.1631,3.7283,5.5642,1
3.7832,3.8513,6.7676,3.3766,1
-1.8675,-3.3230,-2.2897,-2.0910,1
-5.2689,1.0627,-4.2278,4.3727,-1
4.7145,2.2846,3.0186,3.9274,1
-3.2082,-2.3176,-4.0215,-3.9440,1
2.1995,-0.1011,3.6582,5.6428,-1
1.9304,7.0593,-5.0030,4.1716,-1
3.8703,3.8638,4.9040,2.2782,1
-5.6770,-6.6632,-5.4680,-6.6117,1
-2.8143,4.5764,-3.2547,5.4193,-1
-6.7171,-5.3094,2.2208,-2.5564,-1
-3.6014,-4.3961,-0.5652,-1.8395,1
-3.7199,-2.3220,-3.4706,-5.1620,-1
6.9273,3.3327,6.6392,6.8901,1
-0.8967,6.2196,4.5526,3.6625,-1
4.0065,0.6606,-5.6914,1.0309,-1
-0.0335,-4.1183,-2.8139,-4.9546,-1
-3.6567,-0.6974,-1.0781,-2.3270,1
-0.1274,-7.0830,-3.2506,6.1429,-1
-6.8937,-6.5495,4.4000,-3.0555,-1
-6.4656,-3.8363,7.0552,-6.7017,-1
4.2743,6.5788,3.7553,5.9115,1
5.1242,5.1146,3.2782,5.9480,1
3.5311,6.5648,3.2944,-4.2563,-1
-5.9124,-5.6045,-4.5056,-5.8840,1
6.4108,-6.6670,6.7105,-3.4234,-1
4.3081,6.8319,4.1211,-6.2763,-1
-5.2979,-4.6298,-5.4563,-5.4302,1
-4.4854,-4.2895,-1.2449,-2.3473,1
-1.0078,-2.7261,-2.5134,-2.1745,1
-4.1397,-1.5748,-3.3996,-4.4302,1
-1.6882,1.0538,-1.4471,6.1488,-1
-5.7978,-3.7793,-4.0807,-3.3339,1
4.7239,4.4913,-2.9924,0.9215,-1
3.8351,5.4634,3.3746,6.4111,1
-3.8730,-5.3431,-5.7355,-1.6731,-1
-4.4034,-5.6562,-4.3287,-6.6950,1
3.7555,4.9644,3.3727,6.1545,1
5.1513,-0.2062,-4.7266,0.1373,-1
1.6706,2.8287,2.4841,3.9832,1
6.6397,6.0740,3.2325,4.3178,1
6.8810,4.5487,3.6522,6.7893,1
-1.9987,0.6498,-2.1270,4.5942,-1
1.9144,0.3836,-1.6280,-2.1094,-1
4.0458,2.4201,3.2751,3.7174,1
1.1642,2.1601,4.6021,2.4647,1
1.6239,2.7093,4.1500,2.8608,1
4.5582,5.4893,6.9889,5.3193,1
2.2284,-6.3019,4.7296,-4.9053,-1
-3.8286,6.8528,-5.0319,1.0577,-1
5.2164,4.2065,4.6633,6.3780,1
1.4139,2.7485,2.2346,3.7196,1
-4.2128,0.4599,2.1005,4.4782,-1
1.3658,-3.7023,1.1878,-4.4746,-1
-3.3954,1.3178,-2.2661,-5.7475,-1
3.3358,6.1971,6.4019,3.4973,1
2.8428,-6.0328,-3.9681,2.3844,-1
-7.0484,-5.9639,6.0032,-1.1791,-1
4.1998,3.9971,5.4531,3.6763,1
5.8093,-3.8391,-6.0614,4.2141,-1
2.6109,2.4310,5.0497,4.1716,-1
0.2880,-4.2192,-3.9446,-5.8791,-1
-1.3040,-2.0657,-1.6643,-4.3353,1
5.5724,3.7797,1.5455,-6.3428,-1
5.8755,5.4410,3.7105,6.4057,1
1.0772,-0.1228,-5.3983,-0.6316,-1
-7.1883,4.8715,5.2185,-6.5654,-1
5.4981,6.0068,3.9185,5.8516,1
4.0860,-6.9503,-6.2852,3.9316,-1
6.3231,3.8288,5.0008,3.3854,1
-4.5505,-7.0434,0.0330,3.9233,-1
2.0472,1.8427,-5.9625,4.2609,-1
-2.4081,3.1013,-3.4716,-1.6209,-1
-4.2620,-5.8573,4.6604,0.3123,-1
4.2064,2.0964,2.2800,2.8590,1
5.1502,3.1906,4.7202,4.6831,1
3.1569,6.9193,5.2342,5.2615,1
-2.0133,-5.7224,3.7064,-5.1235,-1
-6.6012,-1.1506,-1.4862,-4.3887,-1
-4.8871,-3.4575,-4.1998,-3.8638,1
-3.1434,-1.7390,-3.7742,-3.7088,1
2.7384,-3.4298,-4.8427,5.7780,-1
-2.4529,-4.1128,-4.2463,-4.3107,1
4.8114,3.0648,3.5658,6.7343,1
-3.3961,-4.9711,-0.1286,-6.2801,-1
5.2436,6.4424,3.4616,4.9608,1
2.4847,3.8646,1.4424,3.5120,1
-6.1843,-2.7211,-4.7927,6.9720,-1
3.1252,4.0120,6.1865,5.9727,1
-2.5300,-4.3426,-4.4217,-3.0365,1
3.7390,6.1816,4.8687,3.7166,1
-5.3843,-0.6528,2.3452,-2.5993,-1
4.8209,-3.0376,-4.1998,-1.0591,-1
4.2825,4.5973,4.5981,3.3975,1
-1.7584,-3.0926,-3.4949,-2.7085,1
2.0297,-3.0797,1.9231,1.7068,-1
5.9474,4.8415,5.4457,4.5991,1
5.7663,6.6094,5.2005,4.6413,1
-7.1141,-5.5475,5.2012,5.0771,-1
-4.1794,-1.7115,-4.2903,-1.5279,1
6.2442,3.1648,3.9157,4.1590,1
-0.9116,-3.2508,-3.9448,-1.8493,1
-4.1325,-4.5417,-5.3795,-6.1436,1
3.4769,6.0529,3.1772,-4.2897,-1
3.1897,6.7961,-2.3359,-0.9504,-1
-2.2483,-1.7858,3.3164,4.0133,-1
3.8586,6.3434,4.9092,3.3821,1
-3.9098,-4.5155,5.6833,6.8434,-1
5.9955,4.2091,5.2827,4.3738,1
4.7954,3.7412,5.4447,6.2869,1
5.6180,5.0260,4.0228,6.0479,1
-5.1920,7.0940,-1.2262,6.7372,-1
6.0616,3.6541,4.7406,4.0424,1
6.7787,2.5855,-2.3192,2.2808,-1
-5.1817,7.0747,3.9700,2.5171,-1
4.4201,3.7786,5.4970,3.6883,1
-5.5530,5.1007,-2.6348,-2.1456,-1
2.1795,1.2060,1.9185,0.2896,-1
4.8825,5.7909,5.0917,4.5805,1
-2.8708,-4.7952,5.7229,3.3286,-1
1.7711,4.8270,-4.9038,4.0292,-1
5.3444,3.0625,3.3367,5.0733,1
-4.4002,-3.2820,0.4662,1.2937,-1
5.8477,-1.7223,2.8623,-1.9534,-1
0.4845,4.4220,-2.5944,0.8431,-1
-2.3775,-6.9883,3.0429,6.5848,-1
-4.6022,-2.4864,2.1580,3.4310,-1
-3.8162,5.1399,1.6536,4.7037,-1
-3.4464,-1.5464,-2.6414,-2.7147,1
2.9050,6.3140,5.8627,-2.0415,-1
-1.1449,-4.3737,-0.8645,-3.2762,1
-1.1023,-4.4927,-4.1188,-0.7515,1
6.2884,5.5760,3.4058,5.5889,1
1.2630,-2.4564,0.9897,5.5511,-1
1.0677,-5.3512,2.6955,-3.1599,-1
-2.6458,-2.9067,2.8369,-6.1960,-1
-3.1316,-1.2275,-4.3835,-2.2435,1
1.7144,1.2381,-1.4618,1.8262,-1
1.8172,-2.7251,0.2465,-4.8981,-1
-3.6399,4.9628,2.6400,-4.0234,-1
-0.7767,-0.7958,-3.8632,-1.6041,1
5.4600,4.8914,4.7844,5.7531,1
0.6043,5.4537,-2.7765,-4.1324,-1
-0.3139,1.1070,-7.1491,-5.0499,-1
-3.7081,-7.0190,0.6379,4.0342,-1
3.7358,-3.4649,1.1566,4.5131,-1
5.0910,3.6117,5.1146,4.3456,1
6.5310,4.0460,5.3299,5.6459,1
2.7899,3.4896,-3.8096,5.4250,-1
-2.9349,-3.0881,-3.0542,-1.9354,1
5.9648,-0.3043,-4.9033,-1.6395,-1
4.9128,4.6263,5.9447,-4.6953,-1
2.6302,-4.8409,0.4214,3.5192,-1
5.5303,3.3101,3.2964,4.5195,1
4.2628,5.8797,3.4039,3.0988,1
5.6714,4.5533,4.4686,4.3875,1
3.7956,-6.0241,2.2320,6.8284,-1
-5.0230,7.1385,-4.4545,6.5286,-1
2.6816,3.1596,2.0887,2.4925,1
6.0386,3.8919,5.8610,4.7900,1
-3.8407,-0.5642,-1.3757,-6.5588,-1
-4.2354,-2.0899,-1.6869,-0.7673,1
3.7289,-2.8171,-0.8700,1.5070,-1
-2.8393,-3.5982,-2.3308,-1.4338,1
-3.4213,-2.5614,-1.9668,-3.9624,1
-3.7731,-1.4905,-3.7082,-2.0161,1
0.9856,-5.6711,-1.7953,-6.1812,-1
0.3008,-3.3646,-0.2627,6.3838,-1
-3.0581,7.1245,1.6421,-2.7716,-1
-3.9371,-3.4956,-2.4422,-1.6767,1
0.4894,-6.7821,5.0043,1.1602,-1
6.4599,5.4335,4.8180,-1.3300,-1
-0.6419,-2.1645,-1.6344,-3.5060,1
-2.1701,-5.7896,-7.0799,6.2583,-1
-0.3528,1.2434,5.1303,1.4819,-1
2.0214,3.1628,4.4897,3.0148,1
3.9279,2.4688,2.5553,2.2007,1
-3.3644,-6.1103,2.1918,-4.4729,-1
3.2480,3.3117,6.7010,6.9526,1
-1.8289,-0.6344,-1.0004,-2.2834,1
3.1459,5.0851,5.3169,4.0494,1
6.5166,4.7883,6.0904,3.2667,1
-0.3086,4.4017,-4.8306,1.5812,-1
-3.4041,-3.5946,-3.5597,-1.6323,1
-4.3959,-5.1632,-4.2522,-5.7698,1
-6.7703,-2.6664,3.6341,-0.6806,-1
-5.2317,-6.1165,-4.5039,-5.8965,1
-0.8449,-3.7018,4.3240,3.7141,-1
-4.4974,-3.9185,-0.5354,-3.4738,1
-1.7233,-2.7763,-4.1517,0.3146,-1
-5.5595,-6.4025,-4.3322,-5.7438,1
3.1845,-5.1257,3.5109,6.0382,-1
5.5940,1.2491,-1.3999,-4.8289,-1
-2.0082,-2.4979,-1.4117,-2.6251,1
6.1557,3.0650,3.0327,-5.9662,-1
-1.8216,7.0007,0.0728,6.7501,-1
-3.1049,-1.8046,-0.8886,-1.7101,1
3.5648,3.7619,6.6825,4.8530,1
-6.1211,5.6694,-4.4024,1.0782,-1
2.0276,2.6238,4.9756,-5.4240,-1
6.9371,5.4074,-3.6832,6.9731,-1
6.4995,6.1696,5.6565,5.2936,1
5.8390,-5.8148,-3.4038,-1.0207,-1
6.1183,4.2144,5.6819,5.2233,1
5.3427,3.9938,3.0527,5.5987,1
-2.8748,-1.8064,-2.8652,-0.7246,1
-0.4030,-1.9490,-0.9403,-3.9366,-1
-0.7294,-0.3931,-3.7462,-3.4589,-1
4.3593,6.0708,4.4193,3.0767,1
-2.9183,2.9602,-0.3590,-3.6585,-1
-3.1693,-1.3359,-3.8857,-1.6976,1
-1.1934,-1.8420,-1.3579,-4.3069,1
6.0733,4.0335,5.2397,3.8301,1
-1.3397,3.7229,-2.1088,-5.2219,-1
-0.8218,-3.5120,-2.4856,-0.5341,1
3.3774,6.7043,3.7650,4.4559,1
-3.4163,-6.6856,-1.4865,2.4326,-1
6.6644,3.2478,3.2738,5.5625,1
3.0873,4.3640,3.9222,5.2429,1
0.6951,-6.1400,-5.9164,6.4839,-1
4.2700,3.0327,1.7837,2.3633,1
1.0262,-6.0811,-3.4764,-4.8253,-1
-2.0655,-0.4159,-3.8720,-3.5058,-1
-2.8869,-1.0751,-4.3996,-1.9255,1
0.7418,-0.6581,-1.0053,-6.0347,-1
-0.9707,-1.9034,-3.5075,-3.0255,1
1.3328,-5.0338,0.7663,-5.3248,-1
4.8102,3.1421,2.5453,2.5049,1
5.3488,4.8378,5.4075,5.2541,1
-2.2898,-5.0117,-4.8623,-5.5312,-1
4.3019,-0.1362,-0.6661,6.6641,-1
4.5928,-6.0705,6.8704,-3.7387,-1
1.0410,3.4482,-0.3555,0.9923,-1
5.3442,4.6456,-1.5424,-6.9282,-1
-1.5216,-1.6679,-2.7912,-3.4311,1
3.0165,6.4973,5.3744,4.3644,1
2.5062,-2.8228,-4.1246,-5.4818,-1
-1.5183,3.3265,0.3218,2.8708,-1
-0.4069,-0.8804,-2.9787,6.7251,-1
6.5701,5.8128,5.6794,6.1851,1
-2.9776,-2.6547,-2.7014,-3.3028,1
3.5729,1.8996,0.4229,0.2573,-1
4.2723,3.6447,4.2750,6.4062,1
-1.9588,-3.6838,-4.2063,-2.0085,1
-2.5382,-0.8316,-3.5103,-2.7780,1
-2.3589,-2.8672,-2.8390,-1.9243,1
1.9586,3.0233,4.1002,3.5618,1
-2.3285,-0.7185,-1.1583,-3.4134,1
3.3619,-0.9657,-5.6625,-6.8276,-1
-3.2483,-3.8029,4.8392,0.0368,-1
-4.9886,6.6955,2.5115,-1.7282,-1
-6.0770,-4.5856,-5.3904,-6.6615,-1
1.0658,3.9056,0.3519,5.2244,-1
-3.4141,-2.7268,-2.8086,-3.5036,1
1.0600,2.6812,1.7818,2.0167,1
-5.3657,0.6272,2.2132,2.6538,-1
4.7226,3.5329,3.5185,6.1185,1
3.3538,6.4507,5.9752,4.1392,1
0.2327,-6.6304,3.1169,6.2502,-1
3.9748,5.9601,3.8087,5.9505,1
-1.0023,-2.3655,-0.7278,1.1309,-1
4.1144,2.1288,2.6553,3.7071,1
-1.2454,-3.3148,-2.6300,-3.2477,1
2.5758,-4.8067,-2.6445,6.2487,-1
4.4730,3.3623,2.3090,2.3414,1
6.5970,5.7265,-2.5745,-3.3630,-1
2.4298,3.4748,3.5031,3.6005,1
6.7937,5.0144,4.8812,-6.5089,-1
-0.8522,-2.5020,-1.1267,-0.5811,1
-7.1404,2.8960,6.1837,-1.6579,-1
3.2347,5.2692,6.0316,5.9394,1
6.1967,5.4278,3.4014,5.5215,1
-6.6571,-3.1949,-3.6496,1.9831,-1
-2.8186,-6.6842,-0.9414,-5.6905,-1
0.1694,2.3790,-0.8137,-5.9706,-1
4.8353,-4.4197,5.8940,-7.1416,-1
1.3373,2.3330,0.8515,5.1814,-1
-4.4824,-1.1749,-2.3038,-4.3395,1
2.9900,2.9065,1.2524,2.5546,1
-4.6362,4.0317,-6.0475,-4.7011,-1
-4.5126,-1.1711,-3.4137,-5.0231,-1
5.8417,3.5784,4.8176,6.2694,1
-2.8958,-1.3591,-2.0768,-2.3643,1
-1.4780,-3.0023,-4.2220,-0.6091,1
-1.9590,-2.1883,-3.0196,-2.6052,1
3.2291,4.5816,5.7303,6.8694,1
6.2923,-0.8631,-3.2817,6.4430,-1
-1.8025,-1.1142,-1.8597,-3.8013,1
-5.3832,-4.7257,-4.1319,-5.7368,1
1.7158,-2.6863,-1.6690,-4.9815,-1
-2.0032,-1.8419,-1.3852,-2.9295,1
-4.4632,-6.8414,-4.6998,-3.7075,1
-4.2032,-1.0880,-2.3056,4.1720,-1
-5.7490,-1.5585,-6.8206,-4.5081,-1
5.4744,4.1905,6.9341,4.6642,1
5.1134,-3.3669,-4.4531,4.4137,-1
2.3714,0.4587,-4.7298,0.4553,-1
-5.7262,3.0737,-3.9443,-1.2527,-1
5.6915,6.0714,6.3166,3.0961,1
2.6380,3.8307,4.0093,3.2453,1
-0.8613,-1.9054,-3.6128,-2.5690,1
5.1920,0.1148,4.4488,3.7746,-1
-4.2796,-6.3433,-5.9594,-4.9049,1
-2.1254,-7.1565,4.8990,6.8302,-1
-5.6829,-5.1269,-4.8179,-6.9145,1
-2.1698,-1.3012,-2.6677,-4.0308,1
-5.8499,-6.7157,-4.6060,-5.9525,1
4.1720,2.1632,3.7431,2.3906,1
-6.7115,-4.8247,1.8999,5.4074,-1
4.5054,3.8327,3.4229,5.4861,1
1.4413,2.2200,-1.6864,1.0443,-1
1.3604,-5.9586,-4.5261,6.7173,-1
-1.9575,-3.7980,-3.0001,-0.5429,1
0.7418,6.5054,4.8770,3.0882,-1
-5.0623,-3.8461,-5.4751,-4.1810,1
-5.5430,-6.5819,-5.9712,-3.3352,1
-1.5558,-0.6309,-3.3902,-0.9543,1
-1.5995,-0.5905,-3.8315,-1.9857,1
1.1888,2.5537,1.7768,3.5486,1
4.9589,3.0054,3.9285,2.7044,1
-2.3145,-4.1919,-3.0366,-1.5033,1
-0.8188,4.9447,-6.1601,-2.1472,-1
-7.0953,-1.5645,4.2419,-4.4320,-1
6.1763,3.8831,3.2298,3.0381,1
-0.3061,1.2569,6.1847,3.6028,-1
-3.1506,-2.3858,-0.5858,-2.7809,1
-2.5817,-1.7367,-2.7221,-6.1424,-1
-5.9952,-3.6620,-5.9206,-6.2089,1
4.2046,-3.6461,6.6553,-2.5490,-1
-2.9702,-1.9672,-2.8558,-3.4929,1
-1.5361,-3.2620,-3.2100,-3.1227,1
-3.7769,-2.3442,-1.9377,-0.8790,1
3.5027,1.0508,2.1165,4.2893,-1
6.8922,5.1908,3.6202,5.1864,1
5.0424,5.8346,6.2789,3.9871,1
-1.6355,4.4064,5.4927,7.0538,-1
-1.0788,5.6976,0.3349,2.5027,-1
-0.5327,-1.7347,-2.9993,-1.8679,1
4.8866,3.6406,3.9978,3.5179,1
-5.8818,-6.7834,-5.7995,-5.5760,1
-1.4159,-1.9123,-1.9387,-3.0237,1
5.5458,5.6243,4.4798,5.6784,1
-5.3717,3.7517,3.9561,0.8213,-1
-5.1282,-4.1454,-4.2629,-4.3918,1
3.9887,4.6508,4.6069,6.3934,1
4.2606,-6.8903,4.2935,6.1184,-1
1.1571,3.1537,1.0556,2.4335,1
-0.6083,-3.5303,-0.7172,-0.6472,1
-4.3955,-1.9131,4.5933,-3.2943,-1
4.2758,6.9543,3.9661,3.2602,1
-3.8425,5.5978,4.7860,-2.9203,-1
3.6095,5.1531,5.7064,4.6556,1
-3.2452,-0.9080,-2.5544,-3.9706,1
-6.5079,0.3880,-0.7859,5.2845,-1
2.5532,2.0047,-5.9436,5.2301,-1
-4.7829,0.7759,-0.4489,1.3810,-1
3.7996,6.3284,6.0991,5.3059,1
-2.3325,-1.4880,-3.1989,-2.6284,1
-2.6275,-3.7759,-0.5324,-2.9123,1
2.5268,4.6445,-6.7030,-2.5766,-1
0.8427,-4.1844,-0.0718,-1.1419,-1
1.6189,-3.9481,-1.2837,1.5153,-1
6.0054,4.3325,3.7540,3.4594,1
-2.5531,-3.7596,-1.2163,-3.4381,1
-1.5561,-2.7151,-0.8924,-1.9762,1
-4.0190,-7.1877,-5.6737,4.0971,-1
6.0534,3.3361,6.9523,3.5151,1
1.9548,3.5426,2.3549,3.2171,1
1.0118,-2.9737,0.9386,-2.9366,-1
-5.9758,-1.2626,-5.4144,4.1322,-1
-4.2875,-1.8181,-0.6500,-1.3431,1
-4.3387,-2.8150,-0.9257,-0.7120,1
5.9012,4.2147,6.9684,3.4622,1
5.0901,-4.5687,-4.6270,-2.7683,-1
1.2427,-0.3222,4.0987,2.4110,-1
-1.5754,-3.6443,-1.2448,-1.8634,1
-4.6127,4.7096,3.5310,0.5635,-1
6.8982,3.2867,4.1038,6.8623,1
6.2015,3.2272,5.4944,4.0270,1
-2.3938,2.5315,-3.3591,-5.5873,-1
4.9442,-0.5276,1.8189,-6.3768,-1
-1.0834,-2.6084,-2.8996,-0.6680,1
3.5071,6.6651,4.5942,6.7436,1
-0.1944,6.3133,0.5323,6.5937,-1
-1.1076,-2.0494,-3.4766,7.0610,-1
6.4088,4.5658,5.8285,5.6124,1
1.9489,1.5532,6.3433,-0.5349,-1
-3.7959,7.0965,4.9693,6.4346,-1
3.9087,-1.5022,5.0905,7.0461,-1
-2.1750,1.5569,-1.1624,-5.9193,-1
6.2071,6.1995,5.9751,5.4606,1
6.8602,4.2593,-2.5712,-5.9081,-1
-0.8264,-0.7406,-1.8763,-4.1919,1
4.7682,3.0969,6.8949,6.7700,1
2.0000,-0.6936,2.1258,5.1202,-1
-2.1593,-4.2946,-6.3573,3.6701,-1
5.4275,5.9497,5.9214,5.6276,1
6.3693,6.8389,3.3851,6.2725,1
6.6287,6.8698,-3.8335,-0.7280,-1
6.3331,-1.6999,5.4951,4.8800,-1
6.6440,5.3802,-3.7639,-4.6918,-1
-5.7808,-6.4201,2.8378,-0.6926,-1
0.9823,-2.3441,3.1055,0.3301,-1
-3.3634,-1.5410,-1.7842,-1.9294,1
-3.4397,-3.2235,4.7230,6.3909,-1
-2.9356,4.2327,-6.5666,1.5511,-1
-6.2774,0.9810,4.5027,4.8655,-1
6.2465,2.7183,3.8461,3.5921,-1
2.0289,3.9888,2.6114,3.8839,1
-3.2818,-0.3321,6.4249,6.3080,-1
3.7547,-6.2024,0.3889,4.4914,-1
-5.3616,-5.9802,-2.3149,3.3649,-1
-1.7804,-1.3361,-3.4135,-2.9328,1
-5.5688,6.3373,-0.0128,-0.2245,-1
-4.9018,-4.6301,-5.8891,-5.9964,1
5.8741,2.3994,-2.1932,-6.4345,-1
6.1338,6.8199,-5.0104,0.6592,-1
-6.3545,-0.8241,2.3236,-5.3466,-1
6.0693,4.1315,6.5349,3.3690,1
-5.9819,0.0992,-2.4065,-0.7956,-1
-5.4913,-4.8176,-4.4543,-5.7463,1
-4.1978,-5.9156,-4.4660,-4.9395,1
0.3222,1.8188,5.2073,-3.3513,-1
-4.7501,-4.3967,-5.9240,-3.4725,1
-2.1224,-3.7772,2.1702,5.8765,-1
-1.8963,-1.5219,-2.3921,-1.8205,1
-2.7094,-2.3096,6.7614,-4.3901,-1
2.2253,5.9599,6.7033,-5.9848,-1
3.3945,4.9969,-0.5782,2.2547,-1
0.9889,1.9258,5.3111,-3.1010,-1
6.4249,6.9595,3.5844,3.9231,1
6.3304,4.1483,3.3548,5.6845,1
4.1871,-2.0554,-3.9558,3.1331,-1
-4.1621,-6.6899,-6.0723,-2.7641,-1
0.4737,4.1382,4.0473,6.5598,-1
4.9204,1.2742,-3.8166,0.9219,-1
-3.2215,-2.5387,-1.0349,-1.2494,1
-2.8156,-4.6366,3.7026,3.1016,-1
3.5869,6.6477,6.5936,3.3856,1
3.3394,3.1553,-0.1253,4.8377,-1
5.2841,-0.4662,6.2837,-0.6086,-1
2.6057,-5.8396,2.2367,4.4422,-1
-4.3294,-5.1007,-5.2335,-5.0238,1
-2.3911,-3.9075,-3.8701,-1.9283,1
4.9909,6.8262,5.5100,3.5408,1
3.3597,-4.9290,3.4923,-5.7055,-1
-0.9549,-2.5295,-2.0110,-0.8782,1
6.8038,5.0785,6.5948,5.1777,1
4.8536,2.9065,4.8291,3.6960,1
0.7233,-4.0378,2.3187,-4.7139,-1
-1.8316,2.1249,-0.1825,-0.7541,-1
5.2331,4.5665,6.0095,4.3265,1
-3.8168,-0.8912,-1.2165,-3.0695,1
-1.8256,-3.9041,5.9786,-6.4417,-1
-3.0149,-1.1889,5.3299,0.4639,-1
-4.7990,-1.8695,4.6008,0.0135,-1
-0.7619,2.3245,4.0883,5.8411,-1
-5.5709,-4.2440,-4.5608,-5.9593,1
-5.6010,-3.8902,-5.6184,-6.4990,1
1.1085,3.1509,6.3153,-4.0498,-1
6.3184,6.6055,1.1903,3.9726,-1
-2.5116,-4.0513,-4.1988,-1.5318,1
1.3324,3.4515,1.0400,2.7692,1
3.5907,4.6707,4.8507,4.4094,1
2.3338,3.1309,1.2829,3.1243,1
-6.0402,2.3386,-6.4755,-3.7861,-1
6.6436,4.2189,5.9309,6.2096,1
-3.7838,3.4621,5.4695,-4.0894,-1
-1.8316,-1.2169,-2.6371,-4.2863,1
6.5753,3.7247,2.4175,-0.8057,-1
2.0563,2.1885,2.8682,2.8024,1
6.3423,4.8128,-2.7345,-0.9631,-1
-0.5344,-3.2743,-0.5861,-0.5205,1
-3.7641,-2.5332,-0.8912,-3.0397,1
-0.8084,-0.9296,-1.2001,-4.1942,1
-2.5775,1.1185,-0.2801,2.0075,-1
-1.0659,-1.7018,-3.8225,-1.9897,1
-3.3152,-2.5833,-1.9738,-0.6728,1
-1.9183,-4.8138,4.8822,-2.4172,-1
-6.1705,-4.7264,-0.0579,-0.8817,-1
1.2621,-6.3744,3.1771,-0.0593,-1
-0.2756,4.6667,2.0544,-4.0574,-1
-3.4366,-4.0786,-2.3988,-1.7642,1
5.2354,-2.1721,6.9897,-0.6968,-1
-2.7036,-5.9361,5.5428,0.3274,-1
-4.7769,-4.6517,-5.2558,-4.2344,1
-1.2200,0.3549,-2.2528,-3.2380,-1
4.5001,6.1300,0.6949,5.8040,-1
1.1890,-4.6157,3.7841,2.7624,-1
-3.1851,3.5592,-1.8950,-3.6591,-1
-1.1294,6.1413,6.5816,4.1381,-1
3.4582,3.6088,4.3305,5.1925,1
-2.0491,0.6711,-4.6968,-1.6311,-1
-4.3150,-0.7137,-1.6672,-4.2207,1
-5.2786,-2.2076,-4.8567,-1.1937,-1
4.4015,6.5540,3.8615,3.1977,1
5.0607,-3.5314,2.5135,6.5599,-1
3.7826,-5.5545,-5.1622,-6.6400,-1
-4.8822,5.5380,4.4720,5.6024,-1
-1.2957,-1.2101,-2.6190,-4.1280,1
-2.8656,-2.7156,-0.5303,-3.1930,1
4.0127,-4.5547,6.1278,6.0806,-1
1.7298,2.3796,1.1092,2.6323,1
6.9838,6.5897,5.6999,6.1031,1
-3.6098,-2.6820,-3.5453,-4.4309,1
3.5907,4.4919,7.0406,-0.2325,-1
-1.8394,-1.1775,-1.4196,-3.7905,1
5.7113,-3.2313,6.3403,-1.2983,-1
1.8969,-1.6781,-0.4123,5.7423,-1
6.7411,-4.4934,3.4525,4.0811,-1
3.0701,3.5201,3.1795,6.5741,1
3.6283,6.4112,-5.9950,-2.3330,-1
0.7259,-6.2872,-5.0424,-1.0485,-1
3.0660,3.0270,2.1330,3.9496,1
4.3384,6.9927,4.5984,5.3182,1
-1.7951,3.8923,-0.9327,-6.2849,-1
6.3430,-3.2241,-5.2913,-0.6462,-1
-3.7955,-2.8987,-2.4841,-1.8934,1
-1.8756,-2.1055,-2.1870,-3.1983,1
-3.6132,-2.2947,-2.1432,-2.6572,1
3.7091,3.9196,5.2974,4.9092,1
3.0526,5.8086,2.3445,-6.2960,-1
-1.9566,-3.4157,-1.3364,-1.7555,1
-2.1920,-6.7734,2.5183,3.7230,-1
7.1605,0.7161,6.8360,5.6104,-1
5.0610,6.8387,5.9431,3.7509,1
1.4323,-4.9491,3.2008,-5.9398,-1
-6.6982,5.7688,-1.8647,-2.0203,-1
6.0054,6.7090,3.1534,6.6133,1
4.7298,4.6480,5.9065,3.1318,1
-0.1766,1.8133,-6.6327,-6.4108,-1
6.7462,-7.0758,-2.3028,6.9816,-1
1.6427,3.7424,2.6763,3.5698,1
-3.6783,0.3318,4.1830,1.0561,-1
3.3823,-7.0988,3.6667,-3.3457,-1
7.1003,0.0632,2.8560,0.4537,-1
2.7520,0.8496,0.6558,-2.2034,-1
6.7327,4.2961,6.2396,5.7827,1
-2.8110,-4.0695,-1.5087,-1.2783,1
-0.5540,-1.0222,-3.7465,-2.6499,1
6.7483,1.0920,-4.1882,-7.1432,-1
6.8265,3.5042,3.9627,3.8364,1
4.1259,2.3202,2.3817,3.4098,1
6.4399,3.8097,6.1425,-3.7932,-1
1.2382,3.8479,1.2031,7.1042,-1
1.8804,-2.5345,5.6879,0.4271,-1
-4.7595,-2.6207,-3.8517,-3.7084,-1
-0.4646,2.6153,0.4892,4.1569,-1
3.5210,4.4786,3.6326,6.1057,1
6.9584,6.6340,3.2941,6.6072,1
-3.7197,2.6508,2.7295,-6.8578,-1
-1.1715,-2.9098,-2.8068,-0.5093,1
3.4197,5.5276,3.8398,3.5418,1
-4.3831,-5.2221,-3.6056,2.9759,-1
6.2023,2.7088,-4.7583,2.7815,-1
4.0445,5.9683,4.2926,6.7407,1
3.6827,3.4261,5.2743,6.8750,1
-4.3688,-3.7161,-4.8007,-4.8506,1
6.1906,5.0434,5.4952,5.1129,1
-3.0338,-2.5185,-3.5299,-2.1793,1
1.7396,-6.1910,-2.8127,3.8665,-1
4.0785,3.8672,5.4294,4.0100,1
-2.7722,-1.5699,-2.2629,-1.4355,1
-0.5940,-5.9124,5.2001,-4.4318,-1
2.4861,6.4887,-3.9245,-7.0351,-1
-3.4081,-3.3049,-1.2562,-3.9452,1
-2.1043,-3.6488,-3.1295,-1.8272,1
-3.9700,-2.2193,-2.7296,-4.1238,1
-2.8646,-2.8248,-2.6206,-2.7521,1
-0.7258,-1.4934,-2.4435,-1.9893,1
-6.1716,1.1794,4.8465,0.8935,-1
-4.3043,-4.2762,-3.0316,-1.1712,1
-4.3838,4.1851,5.1226,-3.9740,-1
-2.3233,-3.0458,-3.7330,-1.6427,1
6.9348,6.1282,5.9856,5.0324,1
4.8844,-3.4371,-6.1539,-2.8137,-1
-3.0678,-3.7441,-3.5271,-3.1450,1
6.9910,6.1017,6.8735,5.3663,1
-5.1846,-6.9868,-5.7829,-3.3341,1
6.5973,5.2418,4.0811,6.0304,1
-1.7887,-1.7374,-5.9136,-2.7380,-1
-4.7986,-6.0022,-6.6576,0.8206,-1
4.9463,3.5130,1.5528,3.2629,1
2.4420,5.9595,-1.5376,-5.1091,-1
6.5107,5.0341,6.5721,6.4578,1
2.7800,-0.2187,6.3228,7.0504,-1
3.6666,3.9071,4.2086,5.7857,1
-0.5922,3.5068,6.6909,-6.9094,-1
1.5817,4.9908,-1.3658,-4.9357,-1
-4.3958,0.0479,2.4794,6.8964,-1
-4.1782,-5.4002,-4.1867,-4.7232,1
-2.9486,-2.9350,-2.3325,-3.6646,1
4.4714,3.1672,4.3059,3.7803,1
-4.5118,6.6124,1.1697,2.6603,-1
6.2749,3.2038,4.3817,3.1217,1
6.4780,4.4930,6.1267,6.1486,1
-5.4617,-5.7002,-4.6740,-4.7383,1
3.6558,3.1623,4.7810,6.6148,1
-3.1877,-4.2983,-2.1026,-3.3268,1
4.8506,4.4506,6.9592,-3.1047,-1
-2.7250,-2.9088,-4.9071,-1.2185,-1
6.6446,5.7521,5.4953,6.3668,1
6.3504,-1.6015,-3.6861,-1.2378,-1
-1.6207,-5.5898,2.2252,1.5335,-1
3.5105,4.8907,3.9095,6.6851,1
3.8127,1.9413,-0.6921,7.1833,-1
4.8852,-4.1584,7.0720,0.7626,-1
3.2938,5.0824,4.0995,5.9827,1
0.3654,5.8888,-1.5704,-1.7774,-1
1.8061,-3.4224,0.3673,-2.9423,-1
2.3582,-5.6583,-0.1984,2.1839,-1
4.6343,5.8510,3.1702,3.4510,1
-4.3499,-0.8861,-0.6793,-4.3182,1
-1.6255,-2.0335,-1.4672,3.0558,-1
5.5931,-2.0692,-5.3695,-2.8272,-1
-6.6773,-3.1538,3.7773,-0.6658,-1
2.9677,1.7473,-2.9658,-1.9266,-1
6.5313,5.0041,3.9215,6.6174,1
3.6438,5.2030,4.2517,-3.5765,-1
3.6627,3.3572,2.0451,2.6774,1
5.6824,6.2060,-6.5101,1.7654,-1
1.6486,4.8564,0.2671,-2.7037,-1
-4.3480,-2.6148,-4.0444,-3.0751,1
-0.3034,-2.2787,0.4716,-2.6513,-1
3.8302,5.4522,3.0007,3.2438,1
3.0985,6.3458,4.1135,5.3107,1
-5.3799,-4.2172,-5.7604,-5.9705,1
-5.0740,-5.3578,-4.8627,-5.3134,1
5.8807,4.3930,5.9762,4.1473,1
6.2075,-3.9324,6.2340,0.7725,-1
-4.3992,0.5138,-5.3726,2.8908,-1
4.2284,-2.1386,-2.6510,-6.2452,-1
6.8582,0.4887,0.6891,-3.7238,-1
-3.7687,-1.3857,-3.8206,-3.3605,1
2.0289,6.2199,5.9244,-4.5412,-1
-6.1400,7.0940,-3.7871,-3.0848,-1
-1.6207,-3.9097,-3.8084,-0.8825,1
-2.3625,-0.9332,-3.0492,-4.3985,1
6.4153,3.4481,3.5601,6.6256,1
1.4013,-5.4039,1.6521,-2.6703,-1
-3.6754,-1.5553,-2.4634,-2.1907,1
-5.7788,-6.3390,-6.2571,2.9629,-1
2.8120,-1.0435,-1.8241,5.3656,-1
1.7095,-6.9096,-4.0055,3.4044,-1
-1.5113,-2.5529,-2.9502,-2.2456,1
3.2623,0.5107,-1.9267,1.3907,-1
-2.1017,-0.6465,-2.6558,-2.8034,1
-4.8398,-4.3204,-5.3092,-3.1229,1
6.6950,4.7057,-1.3927,6.7400,-1
5.7607,6.7385,6.8771,5.8236,1
-4.9680,-5.7214,-4.9188,-5.4248,1
-6.3838,-4.2998,6.5605,-4.6816,-1
3.6865,5.9581,5.1281,6.3146,1
-3.8076,-2.8852,-3.0171,-2.7811,1
-1.6710,1.8099,5.9601,-0.1902,-1
6.3988,6.0485,3.2080,6.3396,1
-3.8880,-2.3499,-4.2040,-4.3325,1
-2.6873,-1.3379,-2.6388,-1.8651,1
5.8997,1.1850,-0.9477,6.5687,-1
-2.7892,7.1651,-0.6137,5.9954,-1
-0.5941,-1.5714,4.9989,-3.2240,-1
3.2254,6.2783,4.5078,5.4727,1
-4.4732,-4.3106,-2.4406,-1.6890,1
-4.3560,-4.3369,-3.3155,-4.0676,1
0.9523,4.3467,3.0681,0.0014,-1
0.8636,-4.5295,5.3893,-6.2572,-1
4.2029,6.6764,-0.2296,-2.8992,-1
-3.5773,4.2126,6.4788,-5.3881,-1
-2.6989,6.3914,4.4886,5.8228,-1
6.9663,5.8994,4.2349,3.0134,1
3.6552,4.9349,6.4539,3.0256,1
3.6026,-1.6205,-3.5398,1.1644,-1
6.6435,-6.6711,2.8428,-4.3142,-1
0.7173,-7.0481,-6.8959,1.7111,-1
5.9942,3.4086,3.8725,4.2177,1
-1.5389,-1.5102,-0.7863,-4.4862,1
3.1653,5.7873,3.0188,3.9262,1
-1.9320,-1.2979,-2.0299,-1.2108,1
-4.9474,1.4248,2.7545,-3.6567,-1
-5.0459,3.3133,1.3436,-2.1479,-1
-0.7787,-2.0808,-2.6523,-3.1504,1
-5.7912,-6.6532,-4.4177,-5.3697,1
3.8840,4.9911,5.1761,4.6072,1
-2.4793,-0.6908,-6.9368,0.5391,-1
4.6770,5.5730,5.0418,5.4620,1
1.5706,-1.8536,-1.5834,4.3736,-1
3.2010,5.1059,4.6777,6.2330,1
1.4512,3.8885,3.8179,-5.9531,-1
-4.9444,-5.7262,4.8266,-0.6245,-1
3.3753,4.7357,4.9986,3.8042,1
-4.2984,-3.3225,-0.7083,-2.8736,1
-3.5152,-1.4238,-2.7129,-3.0917,1
-6.3408,-6.7938,-0.0555,-3.7001,-1
3.0574,6.5969,3.2623,5.1480,1
6.9053,3.1898,4.4840,3.6177,1
-3.9649,4.6106,3.0969,0.0024,-1
-3.2896,-1.9583,-1.6790,-3.9765,1
2.4331,3.1347,2.9828,3.8565,1
4.0264,6.0800,5.9619,6.9829,1
-1.5360,-4.4364,-2.2911,-2.0910,1
1.9263,3.0852,3.6957,3.1002,1
-2.7737,-0.9138,-1.1691,-1.8012,1
-2.7589,-6.3212,4.2045,1.9009,-1
6.2564,2.6836,1.0035,2.7849,-1
6.3471,3.4421,6.8266,6.3353,1
-6.1170,-3.1747,5.3988,2.1703,-1
5.3500,3.4784,6.5869,4.5932,1
6.0241,-6.8157,-4.2283,0.6586,-1
-2.5961,-5.8009,-3.1583,-3.5214,-1
-4.2721,-6.6808,-5.3407,-6.3501,1
3.4764,6.3028,5.7385,3.8987,1
5.9195,6.9499,4.0400,6.2233,1
-5.7528,5.3028,1.9819,3.4231,-1
1.6740,3.7710,1.5883,2.2711,1
4.1874,-6.4715,3.9870,-5.0603,-1
6.5349,5.2165,3.0538,4.0475,1
1.5788,6.7142,4.7165,-0.5998,-1
6.0057,6.1312,3.0606,5.9059,1
-4.4903,-0.9209,-3.2160,-1.4886,1
-6.3858,1.3983,5.8528,5.6634,-1
-1.4084,-2.4302,-1.5680,-2.8037,1
3.2176,3.4762,2.9434,3.0438,1
4.6493,3.9146,4.7513,2.7929,1
-4.2314,-3.0058,-2.1539,-0.5857,1
-1.0070,-1.1711,-4.4228,-1.5109,1
-4.1524,0.3481,2.0201,-3.1055,-1
-4.3382,4.6123,5.5159,6.6621,-1
-1.4685,-1.9444,-1.7427,-2.3446,1
-3.7143,1.5630,0.9071,-0.1677,-1
5.1171,-1.4136,6.0693,-6.9203,-1
6.0767,3.3990,4.0005,5.6158,1
5.2299,5.1741,3.7690,5.3140,1
4.4789,1.4991,2.1323,5.3606,-1
4.2362,3.6940,1.4704,2.6409,1
-5.5558,-0.2364,1.1466,1.8805,-1
6.3963,5.1976,5.3029,5.2054,1
-2.8752,4.5354,5.4854,-1.2562,-1
-2.3878,-4.4317,-2.6867,-0.9196,1
2.7640,-5.8114,1.7914,-4.1370,-1
-2.6870,-3.4607,-3.1029,-2.2742,1
-1.9436,1.9454,-1.4303,7.0536,-1
0.6603,3.8987,5.4804,1.9560,-1
6.0875,6.9140,6.6527,4.9915,1
4.7877,6.4411,5.9635,3.2312,1
3.8037,-1.4245,-5.4530,-6.3683,-1
0.8044,0.4868,-1.7564,3.2655,-1
-4.3924,-4.9291,-3.9333,3.5938,-1
3.0055,6.6855,6.8459,6.2227,1
2.0519,2.4295,3.7462,2.8356,1
-4.3041,-2.2676,-2.1478,-1.4439,1
-2.7581,-2.8370,2.9932,-3.2904,-1
3.4848,6.9274,5.2439,5.8654,1
-3.9658,-1.1567,-3.9001,-1.6831,1
4.9372,2.3068,1.8631,2.9502,1
3.4288,-5.5875,4.2931,-2.4106,-1
-3.9554,5.2842,-4.5382,6.4893,-1
5.1320,4.8429,5.1626,5.3906,1
-3.7922,-3.1662,-1.0022,-2.0028,1
-3.6374,-0.7827,-2.4105,-2.7478,1
6.1506,5.3861,3.6535,3.5951,1
-6.2924,-4.3739,4.4523,-3.9014,-1
5.9936,-0.4467,4.4287,-6.6167,-1
-3.9860,-2.8574,-0.9956,-3.1122,1
-6.3681,-0.6225,5.8882,-2.0394,-1
0.7374,2.9972,-1.5899,3.5734,-1
5.3073,3.3858,4.2247,3.2635,1
-2.4013,-0.1368,3.2381,-0.3590,-1
4.3628,6.4967,4.0390,5.4301,1
-1.1341,-3.8608,-3.2152,-2.6260,1
0.0614,-6.7479,0.6582,3.9280,-1
0.1623,4.9274,-0.8537,-3.2972,-1
4.0946,5.3864,4.2960,6.0801,1
6.2907,4.5185,5.1467,4.3751,1
4.8620,-5.8068,0.8431,-5.4567,-1
-2.2975,-4.0410,3.8368,-2.0943,-1
3.3694,4.5940,3.1601,5.1130,1
-5.7515,-6.6753,-4.5475,-3.6896,1
-6.6088,-1.7381,1.2377,-1.2308,-1
-5.3158,-3.3504,-3.5700,1.8116,-1
-1.3500,-3.6362,-0.6140,-3.3895,1
3.8266,5.4533,6.1304,3.2791,1
-4.1667,-3.7035,-4.4973,-1.5595,1
-2.6791,4.8251,2.0611,-0.6812,-1
-2.8530,-5.3456,1.5858,2.2156,-1
4.4126,-3.4468,0.8451,-0.8583,-1
-2.0984,-6.6573,-2.0770,-5.8440,-1
5.1675,6.3071,3.5591,4.2129,1
6.4054,4.0933,6.4058,4.9060,1
-2.4129,-1.1399,1.4156,-5.2000,-1
3.6966,2.5059,4.3460,3.5906,1
3.9127,-3.0637,-2.2733,-5.6172,-1
4.4002,-1.4757,4.3222,5.8851,-1
-6.6963,1.2192,1.5818,-6.7409,-1
0.5138,-4.0118,-5.1904,4.6557,-1
6.2826,6.9546,6.3358,3.9406,1
-4.4544,-5.5737,-5.2566,-4.9621,1
3.0295,5.6561,4.0277,6.7012,1
-1.5611,-1.9530,-1.9349,-3.1889,1
-1.1993,-2.1610,-3.1098,-3.1388,1
4.8468,3.5556,0.3459,-5.3689,-1
-3.9813,-4.2259,-2.1299,-2.3380,1
7.1903,-1.1939,-2.4232,-1.9987,-1
-4.0935,-3.4033,-3.1267,-3.1949,1
-0.3174,-0.5382,5.7404,0.4867,-1
-1.9401,-2.2943,-3.6862,-2.5236,1
-5.7415,-5.1958,4.9699,6.3047,-1
-3.3430,0.5934,-4.1884,2.5758,-1
6.3921,3.5811,6.0656,6.7576,1
4.2533,3.7530,2.0019,3.7352,1
3.8587,-5.5551,-5.1328,2.6632,-1
-0.8932,-3.3918,-2.3060,-2.5362,1
1.1862,-2.8810,-5.8733,6.0962,-1
-0.4363,-1.3550,-0.6209,6.6402,-1
-1.8891,-2.3613,-1.6641,-1.2854,1
6.4827,5.5394,6.3098,4.3946,1
-2.2969,-1.1685,-1.0137,-2.3405,1
-4.5757,-1.5287,4.2163,-1.2359,-1
6.0908,3.8691,1.5932,6.6131,-1
4.7987,6.2410,3.1404,3.6432,1
-2.0230,-0.9864,-1.9917,-0.6519,1
-1.2487,-4.4626,-2.3428,-3.0519,1
