5.7962,-3.5649,4.3774,-6.9960,-1
-4.2797,-2.8788,-1.3376,-2.0997,1
-4.0172,-0.5983,-1.9110,-3.5288,1
-0.8068,-0.9117,-0.9848,-1.5231,1
-5.0655,-6.9592,-5.7710,-4.3794,1
6.8336,6.9414,6.7217,3.8130,1
-2.7044,-1.3065,-2.0381,-3.8500,1
6.3842,6.0087,-1.5528,4.8966,-1
0.5548,-0.3842,0.6830,-0.8062,-1
-6.5130,-2.2016,-1.1140,-1.3877,-1
5.3323,3.2287,5.3154,4.3356,1
-4.3885,-3.5935,-3.3932,-3.4265,1
-3.8929,-1.0907,-2.1247,-4.1555,1
5.4176,6.1610,-1.2367,0.6227,-1
4.8915,2.1352,-2.1016,6.2880,-1
3.6141,4.3180,5.8536,6.1070,1
6.0356,5.1716,3.9745,5.1356,1
-3.7488,4.9903,2.9630,-0.6038,-1
6.8523,6.1916,4.8827,5.1497,1
3.1123,-0.6876,-5.3348,2.9641,-1
-0.2065,-1.8944,-2.1634,0.3473,-1
-0.6197,1.1358,4.3348,-0.5426,-1
-0.1801,1.6217,-6.7556,5.0814,-1
1.7994,3.7594,3.0796,2.4271,1
6.3073,5.1694,2.0922,-2.9752,-1
1.0693,3.9253,2.9307,6.8325,-1
4.3676,4.7340,4.2582,6.1779,1
2.9705,-0.7832,0.7291,7.1838,-1
4.7303,3.0081,5.7654,6.5479,1
-2.7235,-4.8114,0.4577,-1.8607,-1
5.0623,3.1983,4.6234,4.5146,1
-2.0792,6.8606,1.8686,-1.3345,-1
6.0771,-0.8436,-1.6182,-6.9998,-1
1.9845,2.9369,-0.3161,-0.9014,-1
-0.2494,-3.8474,-1.9884,-3.2690,-1
-2.9166,-2.0150,-2.1311,-2.1492,1
-4.6544,-6.6019,-5.7271,-3.3598,1
-2.2987,-0.0378,5.6609,-7.0226,-1
3.0347,5.9486,3.7685,5.2458,1
5.3877,-1.7049,-1.7212,5.2993,-1
-4.4967,-3.7888,-2.1605,-3.4236,1
2.3590,-6.6078,-2.4833,-4.6091,-1
5.8874,3.3117,3.6809,5.0932,1
-2.9692,-1.1871,-2.7198,-0.7018,1
5.9656,6.4415,4.4582,4.8621,1
-5.2131,-4.0887,-4.0461,-3.7570,1
-0.4989,4.8669,-4.1462,-3.8650,-1
4.3198,3.6196,3.4256,5.1916,1
-1.7457,-0.7473,-1.4543,-1.2206,1
5.0422,3.0283,0.0144,-2.2224,-1
-4.4317,-1.5281,-2.9246,-3.1849,1
-3.1837,-2.1903,-3.7217,-1.0026,1
5.4809,3.9598,4.6238,0.0545,-1
-1.8271,-0.9167,5.0634,2.4203,-1
-1.8926,-1.9318,-3.8968,-2.5858,1
5.5837,6.2764,6.6845,4.3873,1
1.0879,-5.9814,2.3786,-0.0020,-1
-0.1312,1.1407,0.2967,-3.4521,-1
4.4336,5.6440,6.0300,3.5711,1
5.4574,6.5438,4.4182,6.4288,1
-1.1788,6.8845,-6.3973,-1.0531,-1
-3.7426,-1.8712,-1.4829,-3.2717,1
-3.7175,-2.1824,-3.9624,-3.8784,1
0.0917,5.0405,6.4200,-2.8921,-1
6.7253,3.2484,4.8084,6.5925,1
-0.4716,-1.5411,-5.3386,0.4624,-1
-2.6576,0.3101,-4.8895,0.8000,-1
5.4751,5.1631,5.6660,5.4486,1
-4.0535,-1.8027,-4.0476,-3.5983,1
-4.0481,4.5326,4.7757,-0.6411,-1
-2.2281,-0.9030,1.0471,-6.5261,-1
-2.2610,-2.0503,-3.0535,-4.0440,1
-2.4225,-4.3973,-1.9771,-1.3379,1
-6.5080,-7.0610,6.1267,-1.9069,-1
-3.7688,-1.9387,-2.3066,-0.5567,1
-5.7594,5.7759,-0.9134,4.8168,-1
1.4223,-4.0876,4.7736,4.7278,-1
-2.0976,-3.6777,2.6599,-4.7474,-1
-3.2783,-3.5156,-3.0352,-3.5051,1
-4.4349,-1.8045,-3.9871,-0.5121,1
6.7161,5.0025,4.7092,6.8710,1
4.1052,6.1831,4.0694,6.7996,1
6.7562,-1.3566,-0.3013,3.8899,-1
3.6013,3.4386,6.8132,5.5155,1
5.2766,-0.1778,-6.0960,2.2210,-1
-2.3361,-2.1435,-2.0495,-3.5350,1
-2.1388,-2.1265,-4.3915,-3.5177,1
-5.2936,-5.5018,-5.7692,-4.9511,1
5.5858,5.8652,5.6470,6.2255,1
-4.2547,-0.9886,-0.8034,-4.3455,1
-3.3413,0.8159,1.9327,1.7519,-1
5.6872,3.5296,6.7582,4.3990,1
3.0612,4.0326,5.4220,4.9737,1
-4.6831,0.4581,3.7284,-4.1996,-1
-3.8613,-4.6746,7.1042,6.9498,-1
-2.7904,4.0318,-1.5648,-5.5596,-1
3.6793,-5.8229,-0.4940,-2.6766,-1
-1.6174,-1.8482,-1.1568,-1.3911,1
0.1420,-2.3286,-6.0451,-0.6709,-1
6.2277,-1.0808,-3.4312,-6.0129,-1
-4.0123,-1.1396,-3.8362,-3.5645,1
-4.8298,-6.0339,-5.3916,-3.2668,1
-3.9368,-2.9252,-1.0566,-0.9218,1
4.2184,-1.7100,-7.0197,-5.7831,-1
3.6538,0.1261,0.8148,3.9503,-1
4.0685,5.4379,6.1894,6.6023,1
-1.3117,-6.4991,-7.1400,-5.8262,-1
-1.7072,-0.2095,4.1167,-2.2361,-1
-6.2335,-3.9570,5.2354,2.8257,-1
6.4431,5.9121,5.8442,4.6813,1
2.2524,-5.1273,1.3010,1.7236,-1
-2.1679,-3.1093,-4.2496,-0.5853,1
6.4377,4.4623,6.8060,6.6785,1
0.5511,-2.2631,0.7054,-6.2620,-1
-1.2803,5.8928,2.9529,-1.3549,-1
4.9909,4.7057,3.7273,-2.5560,-1
-1.5662,-2.5434,-1.4448,-0.5890,1
-2.5782,-2.0699,-4.2905,-1.9430,1
1.3854,-5.8533,-1.7217,-4.8550,-1
-5.1828,-6.5248,-4.3864,-6.3127,1
1.4860,2.8290,-0.9842,1.3822,-1
-3.2305,3.5179,-2.5923,-2.7605,-1
3.6788,3.2474,5.7242,6.1562,1
-0.6815,-4.1456,-3.9486,-3.3317,1
6.6709,-6.6621,-3.8227,-3.5389,-1
5.3831,5.4801,4.0241,5.3574,1
6.9968,4.0238,6.9073,3.9072,1
-0.9872,7.1380,2.8902,-4.1236,-1
1.4859,-4.9974,-2.3359,-6.7752,-1
-5.7406,1.9526,-1.2366,2.0504,-1
6.5503,5.4176,6.2939,4.0576,1
-2.3437,-0.8666,-3.8978,-3.0651,1
6.1538,6.6599,4.3205,6.1843,1
-0.3348,-4.9239,-6.8576,2.8971,-1
0.3293,-0.6421,1.3456,-4.0810,-1
6.7971,5.5248,-3.0494,2.7017,-1
-0.8245,6.5290,-2.8855,-2.2581,-1
-5.9269,-5.0286,-5.8264,-6.5567,1
-3.7248,-4.6194,-3.9677,-5.1864,-1
-2.6353,3.1724,2.9245,-4.1149,-1
3.2613,5.2196,6.9166,4.9009,1
2.1687,-1.9783,-3.8967,-6.1448,-1
-2.4122,-3.0188,-1.1195,-0.5471,1
5.0493,3.8483,6.9665,6.7081,1
-1.4451,2.6537,2.2259,0.5878,-1
4.3780,4.0615,3.3765,6.6716,1
-1.6730,-0.9451,-2.5491,-1.6515,1
-5.3042,-5.8308,-4.1840,-5.9645,1
-4.1757,-4.0078,-3.2122,-0.5148,1
4.8790,5.4127,3.2386,6.7896,1
2.3068,1.5121,5.4500,-4.6601,-1
6.4882,5.1895,4.0213,3.2519,1
-3.6615,-3.8539,-0.8076,-2.9803,1
-2.0834,-1.9886,-3.8275,-3.1566,1
-6.8550,0.2571,-6.0323,-6.5808,-1
3.1226,5.7488,6.6302,-0.2884,-1
-2.5698,-3.8107,-2.8368,-1.9883,1
-4.3117,-3.5793,5.0481,2.3562,-1
-3.1549,1.6475,-4.1417,-6.7279,-1
5.5249,6.9608,4.5901,4.8540,1
-3.1475,-3.9020,-0.7023,-4.2789,1
4.2052,3.2536,2.6409,3.7202,1
3.9065,5.7922,6.3323,4.0236,1
-0.7984,-0.0471,5.9430,3.1649,-1
4.7824,5.5866,5.0237,3.1233,1
4.2310,6.3153,5.0049,4.1714,1
3.1664,4.7391,3.2886,3.6810,1
2.1361,2.9478,-0.7602,4.3801,-1
-6.8274,5.5195,6.2654,-5.5417,-1
-2.7240,-1.0528,-4.4186,-3.6387,1
5.0270,5.6165,3.4174,6.2932,1
-6.6957,4.1517,0.6513,4.3708,-1
-5.1369,-5.7363,-1.0507,4.0043,-1
-1.2201,6.4493,-3.7554,5.0637,-1
-2.3264,1.4700,4.4662,-6.6199,-1
4.6371,-4.5736,-5.8487,1.3140,-1
-4.5124,-0.3525,0.3580,6.6235,-1
-1.4259,-1.6250,5.5090,-4.1441,-1
-0.8570,-1.8021,-3.4712,-2.7930,1
-5.5393,-6.8295,-4.1579,-5.1814,1
6.0762,-5.2580,-0.5069,2.6617,-1
4.3686,5.6215,5.1098,4.8125,1
3.4597,6.5444,6.4343,3.3757,1
2.8016,2.6305,3.4621,2.9651,1
4.8837,4.7045,5.2712,4.8530,1
6.4405,-0.8439,4.5898,-2.5581,-1
-3.0338,1.7877,-3.5015,6.3831,-1
-3.1557,-3.1685,-1.5560,-2.3016,1
-6.2594,-3.3352,1.5103,4.6257,-1
6.5454,5.1128,6.0865,3.8975,1
-5.6391,5.2038,3.3000,4.7336,-1
0.6470,4.9812,1.5285,4.1895,-1
-5.4933,-3.8314,3.4555,3.5024,-1
6.6951,3.3387,4.8618,3.7348,1
-2.8621,-0.7972,-0.5129,-3.9177,1
3.7250,-2.6491,-6.1384,-0.9433,-1
5.4684,3.2998,4.6089,4.4987,1
-5.3640,0.9567,3.7856,6.8301,-1
4.8387,3.7143,3.6405,4.8698,1
4.3655,3.7110,5.1886,-6.1764,-1
5.5788,4.3328,3.3582,4.9054,1
4.8032,2.3988,1.0905,2.9433,1
-5.1127,-4.3618,-4.8822,-3.3330,1
6.0366,4.0215,6.6870,6.5091,1
4.0753,5.4771,5.3307,4.8038,1
1.1477,-5.5318,-5.9624,6.2709,-1
0.6323,-6.8797,-3.6305,-6.5602,-1
-3.2872,-2.8370,-0.5981,-3.1922,1
5.1270,5.8150,-2.5288,1.7128,-1
4.0114,3.3246,2.4545,2.6077,1
1.0831,4.5780,-3.6934,-2.4705,-1
-2.0629,-1.5343,-4.3910,-2.5693,1
1.7909,2.8330,-3.3006,6.1008,-1
4.2024,0.1348,-4.2613,4.4145,-1
-6.7500,-1.4575,-0.1869,-0.2540,-1
-5.2062,-4.1222,-5.4347,-6.3141,1
3.7420,3.8464,4.5603,5.9093,1
-3.0034,-5.4280,6.8641,4.3374,-1
0.8904,1.7763,1.5292,4.9410,-1
4.6387,6.2360,4.4021,6.2545,1
-1.5406,5.0846,-5.6771,2.4120,-1
6.2351,5.9975,5.1649,5.2842,1
-0.3255,1.6596,-5.0391,4.0094,-1
6.2803,-4.5235,4.2307,6.5110,-1
-1.4561,-3.4986,-3.7156,-0.6389,1
3.6428,4.8258,4.8070,5.6508,1
0.0376,3.3764,4.0918,6.1835,-1
1.1259,1.3087,0.0017,5.7338,-1
-2.8899,4.4328,0.8280,2.4943,-1
3.4251,6.4678,6.7137,6.3701,1
1.2629,-5.6657,-5.3722,1.2989,-1
-2.3923,-6.7090,1.4977,-1.5401,-1
-4.1280,3.9469,0.8516,-0.1403,-1
-2.5614,-2.0614,-2.6899,1.1308,-1
-6.3788,-0.4187,-3.1982,-4.1947,-1
-4.6057,-3.2627,-2.7081,5.7273,-1
-1.9009,-4.1103,-2.5673,-1.2889,1
6.8147,3.2324,6.6136,4.1108,1
-1.5321,-2.3986,-0.6679,-1.5747,1
3.5651,-4.4010,-1.4565,6.9710,-1
4.7795,2.5251,1.3261,2.6297,1
5.8353,2.4003,2.5977,3.4431,-1
-1.6686,5.6250,0.0032,-4.3177,-1
-6.0717,-4.2062,-6.4359,-2.3701,-1
-4.2385,-1.4851,-1.5162,-4.2411,1
-5.8052,3.8496,0.2157,-0.0420,-1
3.4674,2.5604,1.7136,3.2366,1
-5.4143,-5.8124,-5.7729,-5.9467,1
-6.1329,-5.5908,-2.3306,-5.6508,-1
-4.7073,-3.2916,2.0462,-4.9986,-1
-6.2064,-4.8271,-5.0683,0.9596,-1
0.3969,-2.9363,3.6363,-0.5883,-1
-5.2514,1.3866,1.4945,-2.9266,-1
-4.4842,-7.1691,-4.0895,-4.4734,-1
3.5800,5.0509,6.3614,4.7552,1
-2.7007,-1.2372,-3.3082,-2.7429,1
-1.9557,-1.9357,-4.3863,-0.6099,1
2.4128,4.5698,1.0161,-1.7899,-1
3.0623,4.5040,4.7043,5.8242,1
-2.7074,-3.2551,-7.0336,0.9813,-1
6.5510,1.8349,5.8640,-5.7202,-1
-2.7261,-5.2284,1.9819,2.0811,-1
-2.2450,-1.3704,-0.6600,-3.7033,1
3.7319,5.3268,4.5881,4.1769,1
5.5109,0.4668,-5.7538,-1.2816,-1
1.3276,-0.1158,-6.9406,-0.4924,-1
-2.0480,4.7474,-5.9449,0.9581,-1
5.4030,1.9325,4.0743,5.6530,-1
-5.5409,-5.3329,-4.0215,-4.2716,1
-1.3639,-1.2786,-2.1160,-1.3553,1
-4.9533,-3.3250,-2.1562,6.2742,-1
-1.9836,3.0125,1.3386,-6.2334,-1
-4.5729,6.3715,5.0149,-4.5969,-1
-0.2032,0.0465,-1.1621,-2.8956,-1
-1.8241,-0.8485,-0.0964,-5.9413,-1
-0.4803,-0.3385,1.1208,-1.6178,-1
-2.8355,-2.3858,-1.8272,-0.6239,1
7.1303,-2.3815,6.2373,1.1924,-1
4.5991,5.4082,5.2962,6.3593,1
6.0533,1.0010,1.1847,1.7609,-1
-2.3495,-2.7592,-3.7449,-2.0682,1
6.8397,3.2869,4.2349,3.6959,1
6.0840,6.3529,5.0381,3.4617,1
-0.3815,-6.9863,-1.6720,-4.6343,-1
-2.4778,-1.3906,-3.7753,-3.5714,1
5.0371,4.4157,5.9686,4.6498,1
6.4887,0.9824,6.2309,-0.3417,-1
2.8403,-3.2612,3.2178,-0.3992,-1
5.9702,-1.5552,4.6429,-5.7054,-1
-6.0944,6.3860,-2.6064,1.4702,-1
-4.7571,2.2141,-4.4572,-4.8090,-1
4.9985,3.2277,5.9587,5.0943,1
1.7654,5.1027,2.7279,-3.0035,-1
6.7444,2.7883,6.1588,-5.3405,-1
-1.0876,-2.0356,-1.1206,-4.0931,1
3.4888,6.6217,5.5207,5.6995,1
-4.7917,6.4941,-4.9846,4.2383,-1
6.9769,6.8016,5.8366,6.4137,1
3.8970,4.3973,6.0144,6.2606,1
6.1449,3.5703,3.3702,5.8207,1
3.1610,-1.8328,-6.9956,2.1076,-1
4.5753,4.8217,6.7428,5.8548,1
3.4808,4.3710,4.9832,6.2013,1
3.6626,6.3585,3.5433,4.4984,1
-3.9669,-0.9431,-4.4660,-2.8602,1
2.4287,3.3819,4.2798,2.4330,1
-0.6851,-4.2000,-2.7646,-1.3234,1
6.8781,3.9819,3.9667,3.3058,1
-3.2716,-1.5972,1.3327,4.4429,-1
-3.4647,2.4087,-2.0669,0.0572,-1
-5.7692,-0.6190,-4.3510,-1.9720,-1
-3.8467,-0.9439,-2.3258,-2.9553,1
4.4811,4.5039,4.8605,6.6927,1
-5.2919,-4.0054,-4.9675,-6.5977,1
6.2268,5.5829,5.0022,3.7968,1
6.5227,-7.0585,1.2579,-0.5901,-1
-3.4223,-2.5010,-4.4788,-3.6828,1
-4.5514,0.6468,2.8687,1.1165,-1
-1.2606,4.7560,5.8511,-6.3377,-1
-6.1501,3.2124,-6.2405,-0.7584,-1
-0.6603,-4.1574,-1.7864,-3.3077,1
5.1414,5.7713,3.2457,6.4806,1
4.7777,5.4126,5.5186,3.9388,1
-3.0377,-1.3440,-1.7421,4.8206,-1
0.2494,0.6408,-6.8982,4.7642,-1
3.1081,4.8893,4.3498,5.8320,1
1.5784,7.1549,4.3340,-4.3174,-1
-3.4659,-3.6568,-2.4095,-1.2225,1
4.2674,4.7333,4.9388,3.3643,1
-2.3453,-0.6541,-3.2608,-1.9096,1
-2.6573,6.0732,-0.2248,5.2189,-1
-2.4572,-0.6488,-1.2206,-2.1449,1
2.0542,3.0341,2.4417,3.0778,1
-1.2356,-0.2255,3.9559,-1.5201,-1
6.5523,-2.8169,3.5963,-1.2470,-1
-0.3742,-1.5816,0.8719,1.4063,-1
4.8789,4.3650,6.0728,6.6415,1
-1.5962,7.0630,3.3373,-1.7405,-1
5.0085,-4.8692,1.4326,-1.7116,-1
1.7095,-5.1179,-2.9146,3.0002,-1
0.8481,-4.3714,-3.6100,-2.1654,-1
4.1937,5.1434,2.9785,6.2846,-1
-4.0015,-5.2623,-4.8363,-3.2120,1
-4.2861,-4.1606,-2.3084,-4.1607,1
3.9841,3.2898,5.4981,6.9880,1
4.1852,6.5057,6.9161,5.8048,1
-1.3037,-3.2871,-2.6568,-0.8581,1
1.2954,-2.4953,-4.3515,1.5109,-1
-2.3450,-1.5817,-1.4693,-0.5397,1
-1.5653,-3.0554,-2.7232,-1.5251,1
4.2124,6.2954,6.1726,6.6130,1
5.1441,6.3371,5.8284,5.5330,1
3.9355,6.0036,3.9487,4.8382,1
5.5618,4.2691,4.3789,5.4211,1
-2.2860,0.2379,3.3127,0.9167,-1
3.2773,6.2982,-3.0625,3.8318,-1
-3.2414,-2.8435,-0.8118,-3.8775,1
-1.1052,-3.2727,-0.8201,-2.9370,1
1.4327,2.4429,-3.7665,5.5970,-1
6.4124,-6.9912,0.9065,5.2856,-1
-1.9289,-0.6838,-4.4144,-6.4015,-1
2.0109,6.3683,0.7565,3.2739,-1
6.7203,6.1374,3.2747,5.6811,1
1.9121,6.2248,-5.2167,5.3836,-1
6.9461,-6.6675,0.2206,1.8907,-1
-1.4461,-4.3892,-2.7345,-4.1397,1
-4.0794,-5.0222,-4.7770,3.5676,-1
-3.1794,2.3784,0.1779,3.3212,-1
-4.3850,-2.0537,-4.0177,-0.5938,1
-0.5686,-1.0470,3.6238,5.1018,-1
1.9566,-6.8239,-6.9383,-6.9110,-1
-1.4473,-1.7432,-1.2119,-2.0735,1
-0.8213,-6.0492,-7.1897,7.1362,-1
-4.7805,-3.4405,-5.5735,-4.5643,1
0.1772,-6.2996,-5.6764,3.0473,-1
-1.1765,-0.8053,-0.9614,-3.5101,1
3.8381,5.9236,5.3749,4.3549,1
1.2605,3.1602,3.2989,3.0199,1
3.5206,4.6851,3.8117,4.8983,1
-0.5174,-1.4665,-4.4036,-2.2164,1
-3.1363,-5.9152,-4.0079,4.0381,-1
-3.8485,-0.6687,-1.7925,-2.3391,1
-6.8863,-1.5183,-3.5458,-6.3048,-1
-4.5073,-5.0357,-4.8984,-4.7184,1
4.5285,4.2785,-2.6191,-3.9624,-1
-4.5306,-6.2584,-4.9592,-3.4656,1
-1.5949,-0.8412,-3.4277,-2.1887,1
-1.2145,1.0175,6.5919,6.6588,-1
-4.5260,-3.6819,-4.2759,-3.6070,1
3.7479,5.2420,2.0499,-3.5703,-1
5.6082,-2.7396,5.2013,-0.1874,-1
6.5394,-2.2842,2.3823,-1.9268,-1
-6.5403,-5.7905,-6.4274,-6.9897,-1
3.8421,-0.3621,0.5796,6.1893,-1
3.5153,3.5477,4.8880,6.2696,1
-5.9235,-4.0530,-5.4903,-4.2110,1
5.5784,6.5442,6.8183,5.4514,1
3.2924,3.4176,5.3466,6.8064,1
2.7709,4.8428,5.6148,-2.3278,-1
-1.6271,-0.4790,-6.2082,-0.8960,-1
-1.5025,6.2640,-3.5998,3.7989,-1
1.5349,3.6163,3.0277,3.8381,1
-5.4938,-3.7555,-5.3574,-6.3203,1
-4.1934,-5.2704,-4.4895,-3.9469,1
3.9474,2.3394,3.6786,2.3354,1
-1.0172,4.4899,0.6015,6.7506,-1
-3.3515,-0.2115,-2.7968,2.0066,-1
6.0301,6.1208,6.3022,4.3370,1
-0.8891,5.9889,1.7131,-0.0280,-1
-3.7530,-6.7890,-0.1692,3.3357,-1
1.6864,5.4604,3.0545,0.7489,-1
-1.0945,-0.5923,-2.6768,-0.4215,-1
3.7593,4.1769,5.9735,5.9059,1
-3.7167,-4.4639,-2.0193,-4.6450,-1
-4.7954,4.9148,-5.0819,-6.2177,-1
6.4513,-1.0060,3.3840,0.4542,-1
-0.8564,-2.1712,-2.2527,-4.4299,1
-0.0805,-2.5798,-6.0519,4.4254,-1
5.0556,-0.7393,0.6137,0.8177,-1
1.1509,-0.2960,4.7646,6.7470,-1
-2.1881,-5.2610,-0.4324,4.0133,-1
6.8468,-4.6035,-1.8215,5.8292,-1
-2.1991,4.7080,2.8283,5.4628,-1
-6.3726,-4.1133,4.0611,-1.6715,-1
-3.2810,-1.4737,-1.5546,-4.2867,1
4.2855,-2.2947,-3.7387,-0.2575,-1
2.6146,3.0321,1.3311,3.5681,1
4.3968,3.8312,2.0729,3.5888,1
-0.6607,-1.9118,-1.3064,-2.4581,1
-5.2735,-6.8709,-5.8487,-3.8265,1
4.4377,0.7825,0.3810,0.9479,-1
6.9192,-1.4004,-4.7852,2.9491,-1
-1.5087,-3.5633,-2.4365,-3.5373,1
4.9235,-5.0907,1.9365,-5.5034,-1
4.9158,1.8391,5.9658,-4.7022,-1
5.5347,3.4263,5.8697,3.2441,1
-4.1206,-4.7772,-5.4480,-5.2525,1
-2.9191,-1.8676,-0.5416,-0.6936,1
4.3878,6.6907,1.1488,-0.1809,-1
-3.2567,-3.1794,-3.4476,-4.3367,1
-1.0661,4.5917,-4.6233,-2.1593,-1
3.2976,5.9286,5.7092,5.7912,1
-2.1012,-3.1444,-1.8268,-1.0901,1
-6.2590,-4.4464,-1.8886,6.4915,-1
-4.8409,-5.7733,-5.7959,-3.0556,1
4.3179,4.0881,4.5827,4.4635,1
-0.1538,4.6375,-3.4434,-5.4965,-1
-0.7306,-1.7235,-2.9411,-3.4153,1
-1.7666,4.0974,2.2903,4.2670,-1
6.0090,2.9496,-6.3690,2.5693,-1
-0.8451,4.8291,-3.0169,-0.8070,-1
-2.8498,0.7056,1.2280,2.1440,-1
-4.0921,-2.8496,-4.0614,-4.1429,1
-5.5724,6.9958,4.0663,-1.1022,-1
-2.4019,-2.4109,-1.3640,-2.2081,1
4.9796,4.0197,3.8545,3.5826,1
1.6657,2.6951,-3.4514,4.8875,-1
3.9623,-5.9554,-2.5948,6.4808,-1
-4.5322,-3.9054,-5.2264,-5.7692,1
6.5296,3.8868,4.6156,5.9181,1
-3.6548,6.8396,-5.6642,2.8921,-1
4.8307,6.6002,6.4213,5.1451,1
-4.7952,-0.2025,-2.1610,-4.3639,-1
-1.0741,-0.7772,-3.3072,-4.1345,1
3.4128,4.3558,3.5015,3.5169,1
-1.9749,-3.4134,-1.4798,-2.0267,1
-1.5390,-4.0069,-1.2433,-2.9455,1
5.7880,6.7087,4.2478,3.5807,1
-1.8329,-5.1255,-2.6864,3.0199,-1
-4.0621,-2.0806,-1.5068,-4.1050,1
3.6119,0.1007,5.6832,-5.7359,-1
4.4376,6.3576,6.7846,4.5563,1
-2.9999,-1.6500,-1.4042,-3.8495,1
4.0645,5.1621,3.5189,5.0320,1
-2.5121,5.2202,-3.0299,-2.5237,-1
4.4514,3.7551,3.2097,2.1041,1
-0.7107,-0.5176,-1.8884,-0.8794,1
-1.2841,-0.7406,-1.6952,-0.6529,1
3.2036,4.9833,4.0502,6.2328,1
-5.5487,-2.3764,4.3396,3.1271,-1
-3.0710,-6.0702,3.8207,-6.4993,-1
-6.7657,6.7866,-4.2345,-3.0237,-1
-3.3942,-3.5771,-3.2139,-2.5009,1
3.5660,5.8109,5.7318,4.3782,1
3.3551,3.2890,6.3086,5.9888,1
-2.3424,-1.2813,0.7753,-2.2606,-1
3.4101,5.4928,5.7535,4.1920,1
6.2794,-1.2823,4.1728,-2.3174,-1
4.6562,2.2102,2.8696,2.0776,1
-4.2162,-7.0086,-1.7140,-2.0901,-1
-2.0212,-3.3910,-4.0774,-3.7086,1
0.1066,-2.4171,1.5694,0.3575,-1
-2.4892,-4.3595,-1.8946,-1.6404,1
-1.9221,-2.4311,-1.4434,-2.0845,1
-5.2387,-3.3241,-5.3551,-3.4731,1
-4.7007,-6.4407,-5.4327,2.3454,-1
-6.9817,7.1633,2.7003,4.0251,-1
1.5557,3.5991,2.9510,2.9325,1
4.3733,5.8673,5.4782,6.5056,1
5.8195,5.5546,4.2720,4.0329,1
-6.4067,0.3812,-5.2049,-1.6177,-1
3.1066,-6.7222,0.7136,-5.5636,-1
-0.7750,-1.6373,-5.9738,6.4953,-1
1.1544,-2.3320,0.4674,6.9885,-1
-4.4907,3.4820,-2.7148,-5.3882,-1
-1.4360,-4.1615,-1.3666,-1.9084,1
4.6181,5.5774,3.5369,4.6989,1
-2.2192,4.9008,-0.3623,4.1207,-1
-0.0101,0.0683,-1.8242,-6.4747,-1
4.8709,-6.0520,1.5305,3.0095,-1
-4.2967,-6.6036,-1.9033,2.7441,-1
2.1405,-7.0601,4.4604,-4.6488,-1
-5.9978,0.4526,3.8018,-6.1389,-1
2.2917,-0.6714,-7.0960,-4.8151,-1
4.3598,-3.2962,-7.1175,4.1056,-1
-3.1594,5.3830,1.7975,1.2964,-1
-2.3475,1.5177,6.3205,1.2221,-1
0.6595,-2.9764,4.5620,-3.8405,-1
-3.0604,-4.3775,-1.4396,-3.2066,1
3.4713,5.9945,3.1922,6.4147,1
-6.1223,-6.8638,-5.1523,2.8421,-1
-0.6908,-2.9718,-0.8216,-1.4579,1
-3.8167,-3.0289,-4.3484,-2.9860,1
-5.2000,-3.0229,-5.8370,-5.7384,1
5.3968,-2.5197,6.2323,0.9522,-1
0.5794,3.2153,4.8739,-0.4160,-1
0.9915,-3.6513,0.7448,5.8106,-1
0.5666,-5.1692,-5.1547,-2.6938,-1
6.4406,6.4242,6.6840,3.9858,1
-3.2557,-3.5033,-0.9504,-3.2443,1
-0.8675,-2.2779,2.3988,-2.5022,-1
-3.5516,-6.2935,4.2709,-0.9677,-1
-6.5729,1.1086,-6.1169,-3.5610,-1
7.1035,5.3353,2.1515,-7.0494,-1
2.3654,-6.6409,2.8372,-4.0450,-1
3.4833,5.3796,5.0984,6.9510,1
6.3294,3.2739,5.1190,6.5795,1
-3.0801,-0.8330,5.4837,6.2251,-1
4.0054,6.1432,6.1614,6.5945,1
6.4852,6.8213,6.4947,4.2788,1
-4.8197,-0.6851,-0.0909,0.0025,-1
-6.6515,-0.3763,-2.3905,6.6061,-1
-3.4822,-3.2812,-4.4133,-2.2356,1
-1.1728,7.0667,4.0272,-4.8373,-1
3.8079,-5.8361,-6.1249,6.2102,-1
-5.4000,-3.6221,7.1547,3.0619,-1
-6.7857,3.6460,6.2408,-4.4023,-1
-4.8782,0.8497,5.6594,6.3684,-1
4.2039,3.3783,4.0280,6.4802,1
3.4518,2.0853,1.0782,2.0699,1
4.1540,5.9852,5.9530,3.3462,1
1.8920,2.3129,1.4624,2.0956,1
4.1596,3.4855,5.3521,3.8256,1
4.7594,2.8508,-6.1464,-4.7628,-1
3.1991,3.1287,6.8728,6.6252,1
-1.1290,1.6011,-5.1153,-5.8714,-1
4.4671,6.4111,5.4813,4.2714,1
-5.4823,-3.0504,-5.6740,-6.1942,1
1.2939,-6.6728,-6.4840,-2.3229,-1
6.7711,5.7767,-0.5010,3.4269,-1
2.0133,4.2473,-0.6875,-0.3803,-1
5.6980,6.3505,6.9436,5.1294,1
-1.5505,-4.1106,-3.3316,-3.8880,1
1.9041,-1.3859,-0.2878,1.1741,-1
-4.3655,-1.3126,-3.7037,-2.1337,1
3.9569,3.2568,3.9495,2.9932,1
-4.2607,-4.3957,-2.9869,-0.4815,-1
-4.3759,-1.8744,-3.6329,-2.5437,1
3.3651,-2.3906,6.6882,4.9235,-1
4.6851,6.2400,3.0712,5.5347,1
5.9949,5.3405,5.0333,6.4535,1
-5.5436,-4.3980,2.3327,-3.0220,-1
-4.5700,-4.5698,-4.9759,-5.4307,1
-2.7761,-4.2409,-3.6741,-4.4090,1
7.1265,-1.4021,0.2797,-3.7252,-1
6.4091,4.2696,3.0172,5.2370,1
-0.5377,-4.3876,-2.1466,-4.3988,1
5.0278,4.1469,4.5354,6.7317,1
6.0452,-5.5317,-2.6986,1.4043,-1
5.2545,3.2420,3.5793,3.4799,1
5.0096,4.8680,5.9116,6.0364,1
6.8072,5.5311,6.9713,6.7410,1
2.4387,3.3808,0.7039,0.3889,-1
-0.4349,-6.5000,5.4354,-5.5793,-1
-5.5150,-5.9371,-5.0112,-3.5959,1
-2.7006,-2.2362,-2.0647,-4.3057,1
